game,date,player #,Player,Min,Pts,PPP,FG Att,FG Made,FG Miss,FG%,Ast,TO,Ast/TO,STL/TO,Stl,Stl Pos,Blk,Blk FGA,STL + BLK,BLK FGA/FGA,Tot Reb,Off Reb,Def Reb,PF TKN,PF COM,BLK/Foul,+/-,eFG%,TS%,TSA,SSQ,PPS,SSM,2 FG Att,2 FG Made,2 FG Miss,2 FG%,3FG Att,3 FG Made,3 FG Miss,3 FG%,3PA/FGA,FT Att,FT Made,FT Miss,FT%,FTA/FGA,+1,Chg Tkn,Chg Com,GM SCORE,TO%,+1%,Score%,%SF,PTSc,LOW SSQ Made,LOW SSQ Miss,LOW SSQ Att,LOW SSQ % Time,HIGH SSQ Made,HIGH SSQ Miss,HIGH SSQ Att,HIGH SSQ % Time,%FT
Columbia@Fordham,11/9/2021,1,Chuba Ohams,31:00,13,0.929,7,4,3,57.1%,3,4,0.75,0.25,1,0,2,0,3,0.00,15,3,12,4,1,2.00,8,57.1%,67.4%,10,-,-,-,7,4,3,57.1%,0,0,0,-,0.00,6,5,1,83.3%,0.86,0,0,0,15.1,28.6%,0.0%,0.0%,0.0%,20,-,-,-,-,-,-,-,-,0.0%
Columbia@Fordham,11/9/2021,3,Darius Quisenberry,36:00,25,1.136,18,8,10,44.4%,2,1,2.00,0.00,0,1,0,0,0,0.00,4,1,3,5,2,0.00,10,61.1%,60.6%,21,-,-,-,6,2,4,33.3%,12,6,6,50.0%,0.67,6,3,3,50.0%,0.33,2,0,0,15.6,4.5%,9.1%,0.0%,0.0%,30,-,-,-,-,-,-,-,-,0.0%
Columbia@Fordham,11/9/2021,4,DJ Gordon,01:00,2,2.000,0,0,0,-,0,0,-,-,0,0,0,0,0,-,0,0,0,1,0,-,-2,-,113.6%,1,-,-,-,0,0,0,-,0,0,0,-,-,2,2,0,100.0%,-,0,0,0,2.0,0.0%,0.0%,0.0%,0.0%,2,-,-,-,-,-,-,-,-,0.0%
Columbia@Fordham,11/9/2021,5,Antonio Daye Jr.,33:00,12,0.706,13,4,9,30.8%,4,2,2.00,0.50,1,0,0,0,1,0.00,5,1,4,4,2,0.00,22,34.6%,39.5%,15,-,-,-,6,3,3,50.0%,7,1,6,14.3%,0.54,5,3,2,60.0%,0.38,1,0,0,6.6,11.8%,5.9%,0.0%,0.0%,25,-,-,-,-,-,-,-,-,0.0%
Columbia@Fordham,11/9/2021,10,Kyle Rose,20:00,6,0.750,7,2,5,28.6%,1,1,1.00,0.00,0,1,0,0,0,0.00,4,1,3,0,4,0.00,17,42.9%,42.9%,7,-,-,-,2,0,2,0.0%,5,2,3,40.0%,0.71,0,0,0,-,0.00,0,0,0,1.6,12.5%,0.0%,0.0%,0.0%,9,-,-,-,-,-,-,-,-,0.0%
Columbia@Fordham,11/9/2021,15,Rostyslav Novitskyi,14:00,0,0.000,1,0,1,0.0%,0,0,-,-,0,0,1,0,1,0.00,2,0,2,0,3,0.33,0,0.0%,0.0%,1,-,-,-,0,0,0,-,1,0,1,0.0%,1.00,0,0,0,-,0.00,0,0,0,-0.6,0.0%,0.0%,0.0%,0.0%,0,-,-,-,-,-,-,-,-,0.0%
Columbia@Fordham,11/9/2021,21,Josh Navarro,16:00,5,0.714,6,2,4,33.3%,0,0,-,-,2,0,0,0,2,0.00,1,1,0,0,1,0.00,-5,41.7%,41.7%,6,-,-,-,1,1,0,100.0%,5,1,4,20.0%,0.83,0,0,0,-,0.00,0,0,0,3.9,0.0%,0.0%,0.0%,0.0%,5,-,-,-,-,-,-,-,-,0.0%
Columbia@Fordham,11/9/2021,24,Antrell Charlton,35:00,12,1.714,7,5,2,71.4%,0,0,-,-,2,0,0,0,2,0.00,0,0,0,0,1,0.00,2,85.7%,85.7%,7,-,-,-,5,3,2,60.0%,2,2,0,100.0%,0.29,0,0,0,-,0.00,0,0,0,10.7,0.0%,0.0%,0.0%,0.0%,12,-,-,-,-,-,-,-,-,0.0%
Columbia@Fordham,11/9/2021,30,Abdou Tsimbila,13:00,2,2.000,1,1,0,100.0%,1,0,-,-,0,0,0,0,0,0.00,3,2,1,0,2,0.00,-1,100.0%,100.0%,1,-,-,-,1,1,0,100.0%,0,0,0,-,0.00,0,0,0,-,0.00,0,0,0,3.3,0.0%,0.0%,0.0%,0.0%,5,-,-,-,-,-,-,-,-,0.0%
Columbia@Fordham,11/9/2021,50,Ahmad Harrison,01:00,0,-,0,0,0,-,0,0,-,-,0,0,0,0,0,-,0,0,0,0,0,-,-1,-,-,0,-,-,-,0,0,0,-,0,0,0,-,-,0,0,0,-,-,0,0,0,0.0,-,-,-,-,0,-,-,-,-,-,-,-,-,-
game,date,player #,Player,Min,Pts,PPP,FG Att,FG Made,FG Miss,FG%,Ast,TO,Ast/TO,STL/TO,Stl,Stl Pos,Blk,Blk FGA,STL + BLK,BLK FGA/FGA,Tot Reb,Off Reb,Def Reb,PF TKN,PF COM,BLK/Foul,+/-,eFG%,TS%,TSA,SSQ,PPS,SSM,2 FG Att,2 FG Made,2 FG Miss,2 FG%,3FG Att,3 FG Made,3 FG Miss,3 FG%,3PA/FGA,FT Att,FT Made,FT Miss,FT%,FTA/FGA,+1,Chg Tkn,Chg Com,GM SCORE,TO%,+1%,Score%,%SF,PTSc,LOW SSQ Made,LOW SSQ Miss,LOW SSQ Att,LOW SSQ % Time,HIGH SSQ Made,HIGH SSQ Miss,HIGH SSQ Att,HIGH SSQ % Time,%FT
Fordham@Manhattan,11/12/2021,1,Chuba Ohams,29:00,17,0.895,10,5,5,50.0%,1,8,0.13,0.13,1,5,1,0,2,0.00,18,4,14,6,4,0.25,-4,50.0%,62.9%,14,-,-,-,10,5,5,50.0%,0,0,0,-,0.00,8,7,1,87.5%,0.80,2,0,0,11.4,42.1%,10.5%,0.0%,0.0%,19,-,-,-,-,-,-,-,-,0.0%
Fordham@Manhattan,11/12/2021,3,Darius Quisenberry,39:00,12,0.857,8,5,3,62.5%,1,4,0.25,0.25,1,2,0,0,1,0.00,2,0,2,1,1,0.00,-7,75.0%,75.0%,8,-,-,-,4,3,1,75.0%,4,2,2,50.0%,0.50,0,0,0,-,0.00,0,0,0,6.3,28.6%,0.0%,0.0%,0.0%,15,-,-,-,-,-,-,-,-,0.0%
Fordham@Manhattan,11/12/2021,5,Antonio Daye Jr.,37:00,18,0.947,12,6,6,50.0%,3,7,0.43,0.43,3,4,0,0,3,0.00,5,0,5,4,5,0.00,-7,50.0%,59.7%,15,-,-,-,11,6,5,54.5%,1,0,1,0.0%,0.08,7,6,1,85.7%,0.58,0,0,0,9.2,36.8%,0.0%,0.0%,0.0%,27,-,-,-,-,-,-,-,-,0.0%
Fordham@Manhattan,11/12/2021,10,Kyle Rose,22:00,0,0.000,4,0,4,0.0%,1,1,1.00,2.00,2,0,1,0,3,0.00,2,1,1,0,2,0.50,2,0.0%,0.0%,4,-,-,-,2,0,2,0.0%,2,0,2,0.0%,0.50,0,0,0,-,0.00,0,0,0,-0.2,25.0%,0.0%,0.0%,0.0%,4,-,-,-,-,-,-,-,-,0.0%
Fordham@Manhattan,11/12/2021,15,Rostyslav Novitskyi,12:00,2,0.333,4,1,3,25.0%,0,3,0.00,0.00,0,2,1,0,1,0.00,3,3,0,0,5,0.20,-8,25.0%,25.0%,4,-,-,-,3,1,2,33.3%,1,0,1,0.0%,0.25,0,0,0,-,0.00,0,0,0,-2.6,50.0%,0.0%,0.0%,0.0%,2,-,-,-,-,-,-,-,-,0.0%
Fordham@Manhattan,11/12/2021,21,Josh Navarro,18:00,3,0.500,4,1,3,25.0%,3,0,-,-,1,0,0,0,1,0.00,1,1,0,0,3,0.00,3,37.5%,37.5%,4,-,-,-,0,0,0,-,4,1,3,25.0%,1.00,0,0,0,-,0.00,0,0,0,3.2,0.0%,0.0%,0.0%,0.0%,11,-,-,-,-,-,-,-,-,0.0%
Fordham@Manhattan,11/12/2021,24,Antrell Charlton,36:00,8,0.571,10,4,6,40.0%,1,2,0.50,0.50,1,1,0,0,1,0.00,4,0,4,2,4,0.00,-3,40.0%,38.3%,10,-,-,-,7,4,3,57.1%,3,0,3,0.0%,0.30,1,0,1,0.0%,0.10,1,0,0,1.5,14.3%,7.1%,0.0%,0.0%,10,-,-,-,-,-,-,-,-,0.0%
Fordham@Manhattan,11/12/2021,30,Abdou Tsimbila,07:00,0,-,0,0,0,-,0,0,-,-,0,0,1,0,1,-,1,0,1,0,2,0.50,-6,-,-,0,-,-,-,0,0,0,-,0,0,0,-,-,0,0,0,-,-,0,0,0,0.2,-,-,-,-,0,-,-,-,-,-,-,-,-,-
game,date,player #,Player,Min,Pts,PPP,FG Att,FG Made,FG Miss,FG%,Ast,TO,Ast/TO,STL/TO,Stl,Stl Pos,Blk,Blk FGA,STL + BLK,BLK FGA/FGA,Tot Reb,Off Reb,Def Reb,PF TKN,PF COM,BLK/Foul,+/-,eFG%,TS%,TSA,SSQ,PPS,SSM,2 FG Att,2 FG Made,2 FG Miss,2 FG%,3FG Att,3 FG Made,3 FG Miss,3 FG%,3PA/FGA,FT Att,FT Made,FT Miss,FT%,FTA/FGA,+1,Chg Tkn,Chg Com,GM SCORE,TO%,+1%,Score%,%SF,PTSc,LOW SSQ Made,LOW SSQ Miss,LOW SSQ Att,LOW SSQ % Time,HIGH SSQ Made,HIGH SSQ Miss,HIGH SSQ Att,HIGH SSQ % Time,%FT
St. Thomas (MN)@Fordham,11/15/2021,1,Chuba Ohams,25:00,12,0.923,7,5,2,71.4%,7,4,1.75,0.00,0,1,1,0,1,0.00,12,2,10,4,4,0.25,16,71.4%,68.5%,9,-,-,-,6,5,1,83.3%,1,0,1,0.0%,0.14,4,2,2,50.0%,0.57,0,0,0,12.7,30.8%,0.0%,0.0%,0.0%,30,-,-,-,-,-,-,-,-,0.0%
St. Thomas (MN)@Fordham,11/15/2021,3,Darius Quisenberry,36:00,12,0.857,13,5,8,38.5%,5,1,5.00,1.00,1,1,0,0,1,0.00,10,1,9,4,2,0.00,11,42.3%,41.9%,14,-,-,-,7,4,3,57.1%,6,1,5,16.7%,0.46,3,1,2,33.3%,0.23,1,0,0,10.2,7.1%,7.1%,0.0%,0.0%,23,-,-,-,-,-,-,-,-,0.0%
St. Thomas (MN)@Fordham,11/15/2021,5,Antonio Daye Jr.,37:00,17,0.944,11,3,8,27.3%,4,3,1.33,0.67,2,2,0,0,2,0.00,3,0,3,8,2,0.00,18,31.8%,50.8%,17,-,-,-,4,2,2,50.0%,7,1,6,14.3%,0.64,13,10,3,76.9%,1.18,1,0,0,11.2,16.7%,5.6%,0.0%,0.0%,30,-,-,-,-,-,-,-,-,0.0%
St. Thomas (MN)@Fordham,11/15/2021,10,Kyle Rose,37:00,22,1.692,11,7,4,63.6%,2,0,-,-,0,0,2,0,2,0.00,6,3,3,2,3,0.67,8,90.9%,86.2%,13,-,-,-,1,1,0,100.0%,10,6,4,60.0%,0.91,4,2,2,50.0%,0.36,0,0,0,20.9,0.0%,0.0%,0.0%,0.0%,26,-,-,-,-,-,-,-,-,0.0%
St. Thomas (MN)@Fordham,11/15/2021,15,Rostyslav Novitskyi,14:00,4,1.000,2,2,0,100.0%,1,2,0.50,0.00,0,0,1,0,1,0.00,3,0,3,0,0,0.00,-8,100.0%,100.0%,2,-,-,-,2,2,0,100.0%,0,0,0,-,0.00,0,0,0,-,0.00,0,0,0,3.7,50.0%,0.0%,0.0%,0.0%,7,-,-,-,-,-,-,-,-,0.0%
St. Thomas (MN)@Fordham,11/15/2021,21,Josh Navarro,12:00,4,1.333,1,1,0,100.0%,1,1,1.00,1.00,1,0,0,0,1,0.00,1,1,0,2,2,0.00,-10,150.0%,106.4%,2,-,-,-,0,0,0,-,1,1,0,100.0%,1.00,2,1,1,50.0%,2.00,0,0,0,3.9,33.3%,0.0%,0.0%,0.0%,6,-,-,-,-,-,-,-,-,0.0%
St. Thomas (MN)@Fordham,11/15/2021,24,Antrell Charlton,31:00,11,1.222,9,5,4,55.6%,3,0,-,-,0,0,0,0,0,0.00,5,1,4,1,3,0.00,15,61.1%,58.3%,9,-,-,-,5,4,1,80.0%,4,1,3,25.0%,0.44,1,0,1,0.0%,0.11,1,0,0,9.1,0.0%,11.1%,0.0%,0.0%,17,-,-,-,-,-,-,-,-,0.0%
St. Thomas (MN)@Fordham,11/15/2021,30,Abdou Tsimbila,05:00,2,2.000,1,1,0,100.0%,0,0,-,-,0,0,0,0,0,0.00,0,0,0,0,2,0.00,-7,100.0%,100.0%,1,-,-,-,1,1,0,100.0%,0,0,0,-,0.00,0,0,0,-,0.00,0,0,0,0.9,0.0%,0.0%,0.0%,0.0%,2,-,-,-,-,-,-,-,-,0.0%
St. Thomas (MN)@Fordham,11/15/2021,50,Ahmad Harrison,02:00,0,-,0,0,0,-,0,0,-,-,0,0,0,0,0,-,0,0,0,0,1,0.00,-3,-,-,0,-,-,-,0,0,0,-,0,0,0,-,-,0,0,0,-,-,0,0,0,-0.4,-,-,-,-,0,-,-,-,-,-,-,-,-,-
game,date,player #,Player,Min,Pts,PPP,FG Att,FG Made,FG Miss,FG%,Ast,TO,Ast/TO,STL/TO,Stl,Stl Pos,Blk,Blk FGA,STL + BLK,BLK FGA/FGA,Tot Reb,Off Reb,Def Reb,PF TKN,PF COM,BLK/Foul,+/-,eFG%,TS%,TSA,SSQ,PPS,SSM,2 FG Att,2 FG Made,2 FG Miss,2 FG%,3FG Att,3 FG Made,3 FG Miss,3 FG%,3PA/FGA,FT Att,FT Made,FT Miss,FT%,FTA/FGA,+1,Chg Tkn,Chg Com,GM SCORE,TO%,+1%,Score%,%SF,PTSc,LOW SSQ Made,LOW SSQ Miss,LOW SSQ Att,LOW SSQ % Time,HIGH SSQ Made,HIGH SSQ Miss,HIGH SSQ Att,HIGH SSQ % Time,%FT
Maryland-Eastern Shore@Fordham,11/19/2021,1,Chuba Ohams,42:00,10,0.667,9,2,7,22.2%,1,3,0.33,0.33,1,1,3,0,4,0.00,12,3,9,4,4,0.75,1,22.2%,39.9%,13,-,-,-,8,2,6,25.0%,1,0,1,0.0%,0.11,8,6,2,75.0%,0.89,0,0,0,7.7,20.0%,0.0%,0.0%,0.0%,14,-,-,-,-,-,-,-,-,0.0%
Maryland-Eastern Shore@Fordham,11/19/2021,3,Darius Quisenberry,46:00,25,1.087,18,8,10,44.4%,1,3,0.33,0.00,0,2,0,0,0,0.00,1,0,1,3,3,0.00,7,55.6%,59.3%,21,-,-,-,8,4,4,50.0%,10,4,6,40.0%,0.56,7,5,2,71.4%,0.39,0,0,0,11.6,13.0%,0.0%,0.0%,0.0%,25,-,-,-,-,-,-,-,-,0.0%
Maryland-Eastern Shore@Fordham,11/19/2021,5,Antonio Daye Jr.,49:00,20,0.870,14,7,7,50.0%,5,7,0.71,0.43,3,5,0,0,3,0.00,1,0,1,6,4,0.00,-2,53.6%,57.1%,18,-,-,-,9,6,3,66.7%,5,1,4,20.0%,0.36,8,5,3,62.5%,0.57,1,0,0,10.0,30.4%,4.3%,0.0%,0.0%,32,-,-,-,-,-,-,-,-,0.0%
Maryland-Eastern Shore@Fordham,11/19/2021,10,Kyle Rose,31:00,8,0.889,6,2,4,33.3%,1,0,-,-,2,0,1,0,3,0.00,7,4,3,4,5,0.20,5,41.7%,51.5%,8,-,-,-,2,1,1,50.0%,4,1,3,25.0%,0.67,4,3,1,75.0%,0.67,0,0,0,9.3,0.0%,0.0%,0.0%,0.0%,10,-,-,-,-,-,-,-,-,0.0%
Maryland-Eastern Shore@Fordham,11/19/2021,15,Rostyslav Novitskyi,04:00,0,0.000,0,0,0,-,0,2,0.00,0.00,0,1,0,0,0,-,0,0,0,0,1,0.00,-5,-,-,0,-,-,-,0,0,0,-,0,0,0,-,-,0,0,0,-,-,0,0,0,-2.4,100.0%,0.0%,0.0%,0.0%,0,-,-,-,-,-,-,-,-,0.0%
Maryland-Eastern Shore@Fordham,11/19/2021,21,Josh Navarro,25:00,0,0.000,0,0,0,-,2,1,2.00,0.00,0,0,0,0,0,-,2,0,2,0,1,0.00,-14,-,-,0,-,-,-,0,0,0,-,0,0,0,-,-,0,0,0,-,-,0,0,0,0.6,100.0%,0.0%,0.0%,0.0%,5,-,-,-,-,-,-,-,-,0.0%
Maryland-Eastern Shore@Fordham,11/19/2021,24,Antrell Charlton,41:00,4,0.308,11,2,9,18.2%,1,1,1.00,5.00,5,1,0,0,5,0.00,10,4,6,1,5,0.00,11,18.2%,18.2%,11,-,-,-,6,2,4,33.3%,5,0,5,0.0%,0.45,0,0,0,-,0.00,0,0,0,4.4,7.7%,0.0%,0.0%,0.0%,6,-,-,-,-,-,-,-,-,0.0%
Maryland-Eastern Shore@Fordham,11/19/2021,30,Abdou Tsimbila,12:00,6,1.000,4,1,3,25.0%,0,0,-,-,0,0,1,0,1,0.00,4,1,3,2,1,1.00,-12,25.0%,52.1%,6,-,-,-,4,1,3,25.0%,0,0,0,-,0.00,4,4,0,100.0%,1.00,0,0,0,5.5,0.0%,0.0%,0.0%,0.0%,6,-,-,-,-,-,-,-,-,0.0%
Maryland-Eastern Shore@Fordham,11/19/2021,50,Ahmad Harrison,-,0,0.000,0,0,0,-,0,0,-,-,0,0,0,0,0,-,1,0,1,0,0,-,-1,-,-,0,-,-,-,0,0,0,-,0,0,0,-,-,0,0,0,-,-,0,0,0,0.3,0.0%,0.0%,0.0%,0.0%,0,-,-,-,-,-,-,-,-,0.0%
game,date,player #,Player,Min,Pts,PPP,FG Att,FG Made,FG Miss,FG%,Ast,TO,Ast/TO,STL/TO,Stl,Stl Pos,Blk,Blk FGA,STL + BLK,BLK FGA/FGA,Tot Reb,Off Reb,Def Reb,PF TKN,PF COM,BLK/Foul,+/-,eFG%,TS%,TSA,SSQ,PPS,SSM,2 FG Att,2 FG Made,2 FG Miss,2 FG%,3FG Att,3 FG Made,3 FG Miss,3 FG%,3PA/FGA,FT Att,FT Made,FT Miss,FT%,FTA/FGA,+1,Chg Tkn,Chg Com,GM SCORE,TO%,+1%,Score%,%SF,PTSc,LOW SSQ Made,LOW SSQ Miss,LOW SSQ Att,LOW SSQ % Time,HIGH SSQ Made,HIGH SSQ Miss,HIGH SSQ Att,HIGH SSQ % Time,%FT
Fordham@Akron,11/22/2021,0,Kam'ron Cunningham,03:00,0,-,0,0,0,-,0,0,-,-,0,0,0,0,0,-,0,0,0,0,1,0.00,-1,-,-,0,-,-,-,0,0,0,-,0,0,0,-,-,0,0,0,-,-,0,0,0,-0.4,-,-,-,-,0,-,-,-,-,-,-,-,-,-
Fordham@Akron,11/22/2021,1,Chuba Ohams,23:00,5,0.625,6,2,4,33.3%,0,1,0.00,0.00,0,1,1,0,1,0.00,6,1,5,1,2,0.50,15,41.7%,41.7%,6,-,-,-,5,1,4,20.0%,1,1,0,100.0%,0.17,0,0,0,-,0.00,0,0,0,2.7,12.5%,0.0%,0.0%,0.0%,5,-,-,-,-,-,-,-,-,0.0%
Fordham@Akron,11/22/2021,3,Darius Quisenberry,30:00,17,0.895,15,6,9,40.0%,3,3,1.00,0.00,0,1,0,0,0,0.00,5,1,4,3,1,0.00,23,43.3%,50.7%,17,-,-,-,9,5,4,55.6%,6,1,5,16.7%,0.40,4,4,0,100.0%,0.27,0,0,0,9.5,15.8%,0.0%,0.0%,0.0%,30,-,-,-,-,-,-,-,-,0.0%
Fordham@Akron,11/22/2021,5,Antonio Daye Jr.,27:00,19,1.118,8,5,3,62.5%,0,2,0.00,0.00,0,0,0,0,0,0.00,4,0,4,5,2,0.00,16,68.8%,76.6%,12,-,-,-,6,4,2,66.7%,2,1,1,50.0%,0.25,10,8,2,80.0%,1.25,0,0,0,13.0,11.8%,0.0%,0.0%,0.0%,23,-,-,-,-,-,-,-,-,0.0%
Fordham@Akron,11/22/2021,10,Kyle Rose,33:00,8,1.333,6,3,3,50.0%,2,0,-,-,0,0,1,0,1,0.00,7,4,3,2,2,0.50,13,66.7%,66.7%,6,-,-,-,1,1,0,100.0%,5,2,3,40.0%,0.83,0,0,0,-,0.00,0,0,0,10.0,0.0%,0.0%,0.0%,0.0%,13,-,-,-,-,-,-,-,-,0.0%
Fordham@Akron,11/22/2021,14,Albe Evans,02:00,0,-,0,0,0,-,0,0,-,-,0,0,0,0,0,-,0,0,0,0,0,-,0,-,-,0,-,-,-,0,0,0,-,0,0,0,-,-,0,0,0,-,-,0,0,0,0.0,-,-,-,-,0,-,-,-,-,-,-,-,-,-
Fordham@Akron,11/22/2021,15,Rostyslav Novitskyi,14:00,1,0.333,0,0,0,-,1,1,1.00,0.00,0,1,0,0,0,-,2,0,2,0,2,0.00,7,-,56.8%,1,-,-,-,0,0,0,-,0,0,0,-,-,2,1,1,50.0%,-,0,0,0,0.1,33.3%,0.0%,0.0%,0.0%,3,-,-,-,-,-,-,-,-,0.0%
Fordham@Akron,11/22/2021,21,Josh Navarro,09:00,0,0.000,2,0,2,0.0%,0,0,-,-,0,0,0,0,0,0.00,1,0,1,0,2,0.00,-1,0.0%,0.0%,2,-,-,-,1,0,1,0.0%,1,0,1,0.0%,0.50,0,0,0,-,0.00,0,0,0,-1.9,0.0%,0.0%,0.0%,0.0%,0,-,-,-,-,-,-,-,-,0.0%
Fordham@Akron,11/22/2021,24,Antrell Charlton,35:00,7,0.778,8,3,5,37.5%,1,0,-,-,2,0,0,0,2,0.00,7,2,5,0,4,0.00,18,43.8%,43.8%,8,-,-,-,7,2,5,28.6%,1,1,0,100.0%,0.13,0,0,0,-,0.00,0,0,0,6.6,0.0%,0.0%,0.0%,0.0%,12,-,-,-,-,-,-,-,-,0.0%
Fordham@Akron,11/22/2021,30,Abdou Tsimbila,13:00,2,0.667,2,1,1,50.0%,0,0,-,-,0,0,1,0,1,0.00,4,0,4,1,3,0.33,5,50.0%,34.7%,3,-,-,-,2,1,1,50.0%,0,0,0,-,0.00,2,0,2,0.0%,1.00,0,0,0,0.9,0.0%,0.0%,0.0%,0.0%,2,-,-,-,-,-,-,-,-,0.0%
Fordham@Akron,11/22/2021,50,Ahmad Harrison,12:00,4,0.667,4,1,3,25.0%,0,0,-,-,2,0,0,0,2,0.00,0,0,0,2,1,0.00,5,25.0%,37.6%,5,-,-,-,3,1,2,33.3%,1,0,1,0.0%,0.25,3,2,1,66.7%,0.75,0,0,0,2.8,0.0%,0.0%,0.0%,0.0%,4,-,-,-,-,-,-,-,-,0.0%
game,date,player #,Player,Min,Pts,PPP,FG Att,FG Made,FG Miss,FG%,Ast,TO,Ast/TO,STL/TO,Stl,Stl Pos,Blk,Blk FGA,STL + BLK,BLK FGA/FGA,Tot Reb,Off Reb,Def Reb,PF TKN,PF COM,BLK/Foul,+/-,eFG%,TS%,TSA,SSQ,PPS,SSM,2 FG Att,2 FG Made,2 FG Miss,2 FG%,3FG Att,3 FG Made,3 FG Miss,3 FG%,3PA/FGA,FT Att,FT Made,FT Miss,FT%,FTA/FGA,+1,Chg Tkn,Chg Com,GM SCORE,TO%,+1%,Score%,%SF,PTSc,LOW SSQ Made,LOW SSQ Miss,LOW SSQ Att,LOW SSQ % Time,HIGH SSQ Made,HIGH SSQ Miss,HIGH SSQ Att,HIGH SSQ % Time,%FT
Delaware@Fordham,11/23/2021,0,Kam'ron Cunningham,04:00,0,0.000,2,0,2,0.0%,1,0,-,-,0,0,0,0,0,0.00,5,2,3,0,0,-,2,0.0%,0.0%,2,-,-,-,0,0,0,-,2,0,2,0.0%,1.00,0,0,0,-,0.00,0,0,0,1.6,0.0%,0.0%,0.0%,0.0%,3,-,-,-,-,-,-,-,-,0.0%
Delaware@Fordham,11/23/2021,1,Chuba Ohams,34:00,12,0.857,10,4,6,40.0%,3,1,3.00,1.00,1,1,0,0,1,0.00,8,4,4,3,1,0.00,-1,40.0%,47.5%,13,-,-,-,10,4,6,40.0%,0,0,0,-,0.00,6,4,2,66.7%,0.60,0,0,0,11.5,7.1%,0.0%,0.0%,0.0%,19,-,-,-,-,-,-,-,-,0.0%
Delaware@Fordham,11/23/2021,3,Darius Quisenberry,34:00,10,0.588,13,3,10,23.1%,1,3,0.33,0.67,2,1,0,0,2,0.00,3,0,3,2,4,0.00,-6,30.8%,36.0%,14,-,-,-,6,1,5,16.7%,7,2,5,28.6%,0.54,2,2,0,100.0%,0.15,0,0,0,1.1,17.6%,0.0%,0.0%,0.0%,17,-,-,-,-,-,-,-,-,0.0%
Delaware@Fordham,11/23/2021,5,Antonio Daye Jr.,29:00,15,0.938,12,5,7,41.7%,2,2,1.00,0.50,1,0,0,0,1,0.00,4,1,3,5,3,0.00,-10,45.8%,54.5%,14,-,-,-,8,4,4,50.0%,4,1,3,25.0%,0.33,4,4,0,100.0%,0.33,2,0,0,9.4,12.5%,12.5%,0.0%,0.0%,20,-,-,-,-,-,-,-,-,0.0%
Delaware@Fordham,11/23/2021,10,Kyle Rose,26:00,10,1.667,6,4,2,66.7%,0,0,-,-,1,0,0,0,1,0.00,0,0,0,0,3,0.00,-11,83.3%,83.3%,6,-,-,-,2,2,0,100.0%,4,2,2,50.0%,0.67,0,0,0,-,0.00,0,0,0,7.2,0.0%,0.0%,0.0%,0.0%,10,-,-,-,-,-,-,-,-,0.0%
Delaware@Fordham,11/23/2021,14,Albe Evans,-,0,0.000,1,0,1,0.0%,0,0,-,-,0,0,0,0,0,0.00,0,0,0,0,0,-,-2,0.0%,0.0%,1,-,-,-,0,0,0,-,1,0,1,0.0%,1.00,0,0,0,-,0.00,0,0,0,-0.7,0.0%,0.0%,0.0%,0.0%,0,-,-,-,-,-,-,-,-,0.0%
Delaware@Fordham,11/23/2021,15,Rostyslav Novitskyi,08:00,3,0.600,5,1,4,20.0%,0,0,-,-,0,0,0,0,0,0.00,1,0,1,0,1,0.00,-7,30.0%,30.0%,5,-,-,-,0,0,0,-,5,1,4,20.0%,1.00,0,0,0,-,0.00,0,0,0,-0.2,0.0%,0.0%,0.0%,0.0%,3,-,-,-,-,-,-,-,-,0.0%
Delaware@Fordham,11/23/2021,21,Josh Navarro,14:00,9,1.000,8,3,5,37.5%,2,1,2.00,2.00,2,0,0,0,2,0.00,2,1,1,0,1,0.00,-1,56.3%,56.3%,8,-,-,-,1,0,1,0.0%,7,3,4,42.9%,0.88,0,0,0,-,0.00,0,0,0,7.6,11.1%,0.0%,0.0%,0.0%,14,-,-,-,-,-,-,-,-,0.0%
Delaware@Fordham,11/23/2021,24,Antrell Charlton,29:00,1,0.250,2,0,2,0.0%,1,0,-,-,0,0,0,0,0,0.00,4,1,3,1,5,0.00,-13,0.0%,17.4%,3,-,-,-,1,0,1,0.0%,1,0,1,0.0%,0.50,2,1,1,50.0%,1.00,0,0,0,-0.5,0.0%,0.0%,0.0%,0.0%,3,-,-,-,-,-,-,-,-,0.0%
Delaware@Fordham,11/23/2021,30,Abdou Tsimbila,06:00,6,0.750,6,3,3,50.0%,0,1,0.00,0.00,0,0,0,0,0,0.00,4,3,1,0,3,0.00,1,50.0%,50.0%,6,-,-,-,6,3,3,50.0%,0,0,0,-,0.00,0,0,0,-,0.00,0,0,0,3.2,12.5%,0.0%,0.0%,0.0%,6,-,-,-,-,-,-,-,-,0.0%
Delaware@Fordham,11/23/2021,50,Ahmad Harrison,16:00,5,1.250,2,1,1,50.0%,1,0,-,-,2,0,0,0,2,0.00,1,1,0,2,2,0.00,-2,50.0%,66.5%,4,-,-,-,1,1,0,100.0%,1,0,1,0.0%,0.50,4,3,1,75.0%,2.00,0,0,0,6.2,0.0%,0.0%,0.0%,0.0%,8,-,-,-,-,-,-,-,-,0.0%
game,date,player #,Player,Min,Pts,PPP,FG Att,FG Made,FG Miss,FG%,Ast,TO,Ast/TO,STL/TO,Stl,Stl Pos,Blk,Blk FGA,STL + BLK,BLK FGA/FGA,Tot Reb,Off Reb,Def Reb,PF TKN,PF COM,BLK/Foul,+/-,eFG%,TS%,TSA,SSQ,PPS,SSM,2 FG Att,2 FG Made,2 FG Miss,2 FG%,3FG Att,3 FG Made,3 FG Miss,3 FG%,3PA/FGA,FT Att,FT Made,FT Miss,FT%,FTA/FGA,+1,Chg Tkn,Chg Com,GM SCORE,TO%,+1%,Score%,%SF,PTSc,LOW SSQ Made,LOW SSQ Miss,LOW SSQ Att,LOW SSQ % Time,HIGH SSQ Made,HIGH SSQ Miss,HIGH SSQ Att,HIGH SSQ % Time,%FT
Fordham@Rice,11/24/2021,0,Kam'ron Cunningham,02:00,0,0.000,1,0,1,0.0%,0,0,-,-,0,0,0,0,0,0.00,0,0,0,0,0,-,3,0.0%,0.0%,1,-,-,-,0,0,0,-,1,0,1,0.0%,1.00,0,0,0,-,0.00,0,0,0,-0.7,0.0%,0.0%,0.0%,0.0%,0,-,-,-,-,-,-,-,-,0.0%
Fordham@Rice,11/24/2021,1,Chuba Ohams,32:00,11,0.733,8,4,4,50.0%,1,4,0.25,0.00,0,2,3,0,3,0.00,7,2,5,4,3,1.00,-5,50.0%,51.7%,11,-,-,-,8,4,4,50.0%,0,0,0,-,0.00,6,3,3,50.0%,0.75,0,0,0,6.3,26.7%,0.0%,0.0%,0.0%,14,-,-,-,-,-,-,-,-,0.0%
Fordham@Rice,11/24/2021,3,Darius Quisenberry,36:00,24,1.333,14,7,7,50.0%,0,0,-,-,3,0,0,0,3,0.00,7,1,6,5,0,-,13,60.7%,68.5%,18,-,-,-,6,4,2,66.7%,8,3,5,37.5%,0.57,8,7,1,87.5%,0.57,0,0,0,22.1,0.0%,0.0%,0.0%,0.0%,24,-,-,-,-,-,-,-,-,0.0%
Fordham@Rice,11/24/2021,5,Antonio Daye Jr.,30:00,20,1.176,15,8,7,53.3%,4,1,4.00,1.00,1,0,0,0,1,0.00,2,0,2,3,3,0.00,0,56.7%,61.3%,16,-,-,-,12,7,5,58.3%,3,1,2,33.3%,0.20,3,3,0,100.0%,0.20,1,0,0,14.9,5.9%,5.9%,0.0%,0.0%,31,-,-,-,-,-,-,-,-,0.0%
Fordham@Rice,11/24/2021,10,Kyle Rose,30:00,3,0.500,7,1,6,14.3%,1,0,-,-,1,0,0,0,1,0.00,3,1,2,0,3,0.00,3,21.4%,21.4%,7,-,-,-,1,0,1,0.0%,6,1,5,16.7%,0.86,0,0,0,-,0.00,0,0,0,0.3,0.0%,0.0%,0.0%,0.0%,6,-,-,-,-,-,-,-,-,0.0%
Fordham@Rice,11/24/2021,15,Rostyslav Novitskyi,05:00,0,-,0,0,0,-,0,0,-,-,0,0,1,0,1,-,1,0,1,0,1,1.00,9,-,-,0,-,-,-,0,0,0,-,0,0,0,-,-,0,0,0,-,-,0,0,0,0.6,-,-,-,-,0,-,-,-,-,-,-,-,-,-
Fordham@Rice,11/24/2021,21,Josh Navarro,13:00,3,1.500,2,1,1,50.0%,2,0,-,-,0,0,0,0,0,0.00,0,0,0,0,2,0.00,10,75.0%,75.0%,2,-,-,-,0,0,0,-,2,1,1,50.0%,1.00,0,0,0,-,0.00,0,0,0,2.6,0.0%,0.0%,0.0%,0.0%,8,-,-,-,-,-,-,-,-,0.0%
Fordham@Rice,11/24/2021,24,Antrell Charlton,34:00,18,1.200,11,6,5,54.5%,2,3,0.67,0.33,1,2,0,0,1,0.00,12,2,10,1,3,0.00,7,72.7%,75.8%,12,-,-,-,4,2,2,50.0%,7,4,3,57.1%,0.64,2,2,0,100.0%,0.18,0,0,0,15.3,20.0%,0.0%,0.0%,0.0%,25,-,-,-,-,-,-,-,-,0.0%
Fordham@Rice,11/24/2021,30,Abdou Tsimbila,03:00,0,-,0,0,0,-,0,0,-,-,0,0,1,0,1,-,0,0,0,0,1,1.00,-2,-,-,0,-,-,-,0,0,0,-,0,0,0,-,-,0,0,0,-,-,0,0,0,0.3,-,-,-,-,0,-,-,-,-,-,-,-,-,-
Fordham@Rice,11/24/2021,50,Ahmad Harrison,14:00,5,1.250,2,2,0,100.0%,0,0,-,-,1,0,0,0,1,0.00,1,1,0,1,0,-,-8,100.0%,86.8%,3,-,-,-,2,2,0,100.0%,0,0,0,-,0.00,2,1,1,50.0%,1.00,0,0,0,5.7,0.0%,0.0%,0.0%,0.0%,5,-,-,-,-,-,-,-,-,0.0%
game,date,player #,Player,Min,Pts,PPP,FG Att,FG Made,FG Miss,FG%,Ast,TO,Ast/TO,STL/TO,Stl,Stl Pos,Blk,Blk FGA,STL + BLK,BLK FGA/FGA,Tot Reb,Off Reb,Def Reb,PF TKN,PF COM,BLK/Foul,+/-,eFG%,TS%,TSA,SSQ,PPS,SSM,2 FG Att,2 FG Made,2 FG Miss,2 FG%,3FG Att,3 FG Made,3 FG Miss,3 FG%,3PA/FGA,FT Att,FT Made,FT Miss,FT%,FTA/FGA,+1,Chg Tkn,Chg Com,GM SCORE,TO%,+1%,Score%,%SF,PTSc,LOW SSQ Made,LOW SSQ Miss,LOW SSQ Att,LOW SSQ % Time,HIGH SSQ Made,HIGH SSQ Miss,HIGH SSQ Att,HIGH SSQ % Time,%FT
Fordham@CCSU,11/28/2021,0,Kam'ron Cunningham,02:00,0,0.000,1,0,1,0.0%,0,1,0.00,0.00,0,0,0,0,0,0.00,0,0,0,0,2,0.00,-4,0.0%,0.0%,1,-,-,-,0,0,0,-,1,0,1,0.0%,1.00,0,0,0,-,0.00,0,0,0,-2.5,50.0%,0.0%,0.0%,0.0%,0,-,-,-,-,-,-,-,-,0.0%
Fordham@CCSU,11/28/2021,1,Chuba Ohams,43:00,19,1.188,10,8,2,80.0%,1,2,0.50,0.50,1,0,5,0,6,0.00,13,2,11,3,0,-,8,80.0%,75.2%,13,-,-,-,10,8,2,80.0%,0,0,0,-,0.00,6,3,3,50.0%,0.60,0,0,0,21.9,12.5%,0.0%,0.0%,0.0%,22,-,-,-,-,-,-,-,-,0.0%
Fordham@CCSU,11/28/2021,3,Darius Quisenberry,44:00,27,1.174,14,6,8,42.9%,1,3,0.33,1.33,4,3,0,0,4,0.00,3,0,3,8,0,-,16,53.6%,68.5%,20,-,-,-,4,3,1,75.0%,10,3,7,30.0%,0.71,13,12,1,92.3%,0.93,0,0,0,21.8,13.0%,0.0%,0.0%,0.0%,30,-,-,-,-,-,-,-,-,0.0%
Fordham@CCSU,11/28/2021,5,Antonio Daye Jr.,45:00,25,1.000,14,8,6,57.1%,4,3,1.33,0.00,0,0,0,0,0,0.00,6,1,5,10,3,0.00,14,57.1%,64.8%,19,-,-,-,13,8,5,61.5%,1,0,1,0.0%,0.07,12,9,3,75.0%,0.86,1,0,0,18.0,12.0%,4.0%,0.0%,0.0%,38,-,-,-,-,-,-,-,-,0.0%
Fordham@CCSU,11/28/2021,10,Kyle Rose,41:00,5,0.455,10,2,8,20.0%,0,1,0.00,1.00,1,0,0,0,1,0.00,5,1,4,1,1,0.00,8,25.0%,25.0%,10,-,-,-,3,1,2,33.3%,7,1,6,14.3%,0.70,0,0,0,-,0.00,0,0,0,0.3,9.1%,0.0%,0.0%,0.0%,7,-,-,-,-,-,-,-,-,0.0%
Fordham@CCSU,11/28/2021,15,Rostyslav Novitskyi,10:00,0,0.000,1,0,1,0.0%,0,0,-,-,0,0,1,0,1,0.00,1,0,1,0,3,0.33,1,0.0%,0.0%,1,-,-,-,0,0,0,-,1,0,1,0.0%,1.00,0,0,0,-,0.00,0,0,0,-0.9,0.0%,0.0%,0.0%,0.0%,0,-,-,-,-,-,-,-,-,0.0%
Fordham@CCSU,11/28/2021,21,Josh Navarro,12:00,0,0.000,2,0,2,0.0%,0,1,0.00,2.00,2,1,0,0,2,0.00,1,0,1,0,0,-,1,0.0%,0.0%,2,-,-,-,0,0,0,-,2,0,2,0.0%,1.00,0,0,0,-,0.00,0,0,0,-0.1,33.3%,0.0%,0.0%,0.0%,0,-,-,-,-,-,-,-,-,0.0%
Fordham@CCSU,11/28/2021,24,Antrell Charlton,44:00,13,1.083,8,4,4,50.0%,3,1,3.00,1.00,1,2,1,0,2,0.00,8,1,7,1,3,0.33,16,68.8%,73.2%,9,-,-,-,4,1,3,25.0%,4,3,1,75.0%,0.50,2,2,0,100.0%,0.25,0,0,0,13.4,8.3%,0.0%,0.0%,0.0%,20,-,-,-,-,-,-,-,-,0.0%
Fordham@CCSU,11/28/2021,50,Ahmad Harrison,08:00,0,0.000,0,0,0,-,1,2,0.50,0.00,0,1,0,0,0,-,0,0,0,0,1,0.00,0,-,-,0,-,-,-,0,0,0,-,0,0,0,-,-,0,0,0,-,-,0,0,0,-1.7,100.0%,0.0%,0.0%,0.0%,3,-,-,-,-,-,-,-,-,0.0%
game,date,player #,Player,Min,Pts,PPP,FG Att,FG Made,FG Miss,FG%,Ast,TO,Ast/TO,STL/TO,Stl,Stl Pos,Blk,Blk FGA,STL + BLK,BLK FGA/FGA,Tot Reb,Off Reb,Def Reb,PF TKN,PF COM,BLK/Foul,+/-,eFG%,TS%,TSA,SSQ,PPS,SSM,2 FG Att,2 FG Made,2 FG Miss,2 FG%,3FG Att,3 FG Made,3 FG Miss,3 FG%,3PA/FGA,FT Att,FT Made,FT Miss,FT%,FTA/FGA,+1,Chg Tkn,Chg Com,GM SCORE,TO%,+1%,Score%,%SF,PTSc,LOW SSQ Made,LOW SSQ Miss,LOW SSQ Att,LOW SSQ % Time,HIGH SSQ Made,HIGH SSQ Miss,HIGH SSQ Att,HIGH SSQ % Time,%FT
St. Francis (NY)@Fordham,12/1/2021,0,Kam'ron Cunningham,06:00,4,1.333,2,2,0,100.0%,0,0,-,-,0,0,0,0,0,0.00,3,0,3,1,0,-,3,100.0%,82.0%,2,-,-,-,2,2,0,100.0%,0,0,0,-,0.00,1,0,1,0.0%,0.50,0,0,0,3.9,0.0%,0.0%,0.0%,0.0%,4,-,-,-,-,-,-,-,-,0.0%
St. Francis (NY)@Fordham,12/1/2021,1,Chuba Ohams,33:00,20,0.909,16,8,8,50.0%,2,3,0.67,0.33,1,3,3,0,4,0.00,22,8,14,6,1,3.00,19,50.0%,51.2%,20,-,-,-,16,8,8,50.0%,0,0,0,-,0.00,8,4,4,50.0%,0.50,2,0,0,21.3,13.6%,9.1%,0.0%,0.0%,33,-,-,-,-,-,-,-,-,0.0%
St. Francis (NY)@Fordham,12/1/2021,3,Darius Quisenberry,31:00,4,0.286,13,1,12,7.7%,1,0,-,-,1,0,0,0,1,0.00,4,1,3,2,3,0.00,15,11.5%,14.4%,14,-,-,-,8,0,8,0.0%,5,1,4,20.0%,0.38,2,1,1,50.0%,0.15,0,0,0,-3.0,0.0%,0.0%,0.0%,0.0%,6,-,-,-,-,-,-,-,-,0.0%
St. Francis (NY)@Fordham,12/1/2021,5,Antonio Daye Jr.,31:00,22,1.048,16,8,8,50.0%,1,3,0.33,1.00,3,2,0,0,3,0.00,4,1,3,5,1,0.00,15,56.3%,57.7%,19,-,-,-,13,6,7,46.2%,3,2,1,66.7%,0.19,7,4,3,57.1%,0.44,1,0,0,14.7,14.3%,4.8%,0.0%,0.0%,28,-,-,-,-,-,-,-,-,0.0%
St. Francis (NY)@Fordham,12/1/2021,10,Kyle Rose,31:00,0,0.000,3,0,3,0.0%,4,1,4.00,1.00,1,1,0,0,1,0.00,2,0,2,0,2,0.00,23,0.0%,0.0%,3,-,-,-,1,0,1,0.0%,2,0,2,0.0%,0.67,0,0,0,-,0.00,0,0,0,0.5,25.0%,0.0%,0.0%,0.0%,10,-,-,-,-,-,-,-,-,0.0%
St. Francis (NY)@Fordham,12/1/2021,15,Rostyslav Novitskyi,06:00,2,0.667,0,0,0,-,0,1,0.00,0.00,0,0,1,0,1,-,1,0,1,1,3,0.33,4,-,113.6%,1,-,-,-,0,0,0,-,0,0,0,-,-,2,2,0,100.0%,-,0,0,0,0.8,33.3%,0.0%,0.0%,0.0%,2,-,-,-,-,-,-,-,-,0.0%
St. Francis (NY)@Fordham,12/1/2021,21,Josh Navarro,12:00,6,1.500,3,2,1,66.7%,1,0,-,-,0,0,0,0,0,0.00,4,1,3,1,1,0.00,13,83.3%,77.3%,4,-,-,-,1,1,0,100.0%,2,1,1,50.0%,0.67,2,1,1,50.0%,0.67,0,0,0,6.2,0.0%,0.0%,0.0%,0.0%,8,-,-,-,-,-,-,-,-,0.0%
St. Francis (NY)@Fordham,12/1/2021,24,Antrell Charlton,36:00,8,0.615,9,4,5,44.4%,3,3,1.00,1.00,3,3,1,0,4,0.00,8,4,4,1,1,1.00,18,44.4%,44.4%,9,-,-,-,7,4,3,57.1%,2,0,2,0.0%,0.22,0,0,0,-,0.00,0,0,0,9.7,23.1%,0.0%,0.0%,0.0%,15,-,-,-,-,-,-,-,-,0.0%
St. Francis (NY)@Fordham,12/1/2021,30,Abdou Tsimbila,05:00,2,2.000,1,1,0,100.0%,0,0,-,-,0,0,0,0,0,0.00,0,0,0,0,3,0.00,3,100.0%,100.0%,1,-,-,-,1,1,0,100.0%,0,0,0,-,0.00,0,0,0,-,0.00,0,0,0,0.5,0.0%,0.0%,0.0%,0.0%,2,-,-,-,-,-,-,-,-,0.0%
St. Francis (NY)@Fordham,12/1/2021,50,Ahmad Harrison,08:00,0,0.000,3,0,3,0.0%,0,0,-,-,0,0,0,0,0,0.00,2,0,2,0,0,-,-3,0.0%,0.0%,3,-,-,-,2,0,2,0.0%,1,0,1,0.0%,0.33,0,0,0,-,0.00,0,0,0,-1.5,0.0%,0.0%,0.0%,0.0%,0,-,-,-,-,-,-,-,-,0.0%
game,date,player #,Player,Min,Pts,PPP,FG Att,FG Made,FG Miss,FG%,Ast,TO,Ast/TO,STL/TO,Stl,Stl Pos,Blk,Blk FGA,STL + BLK,BLK FGA/FGA,Tot Reb,Off Reb,Def Reb,PF TKN,PF COM,BLK/Foul,+/-,eFG%,TS%,TSA,SSQ,PPS,SSM,2 FG Att,2 FG Made,2 FG Miss,2 FG%,3FG Att,3 FG Made,3 FG Miss,3 FG%,3PA/FGA,FT Att,FT Made,FT Miss,FT%,FTA/FGA,+1,Chg Tkn,Chg Com,GM SCORE,TO%,+1%,Score%,%SF,PTSc,LOW SSQ Made,LOW SSQ Miss,LOW SSQ Att,LOW SSQ % Time,HIGH SSQ Made,HIGH SSQ Miss,HIGH SSQ Att,HIGH SSQ % Time,%FT
Fordham@St. John's,12/5/2021,0,Kam'ron Cunningham,11:00,6,0.750,6,2,4,33.3%,0,1,0.00,1.00,1,1,0,0,1,0.00,0,0,0,0,0,-,-10,50.0%,50.0%,6,-,-,-,1,0,1,0.0%,5,2,3,40.0%,0.83,0,0,0,-,0.00,0,0,0,2.6,12.5%,0.0%,0.0%,0.0%,6,-,-,-,-,-,-,-,-,0.0%
Fordham@St. John's,12/5/2021,1,Chuba Ohams,27:00,20,1.111,7,5,2,71.4%,1,5,0.20,0.00,0,3,0,0,0,0.00,6,1,5,6,3,0.00,0,78.6%,87.7%,11,-,-,-,6,4,2,66.7%,1,1,0,100.0%,0.14,10,9,1,90.0%,1.43,0,0,0,13.4,27.8%,0.0%,0.0%,0.0%,23,-,-,-,-,-,-,-,-,0.0%
Fordham@St. John's,12/5/2021,3,Darius Quisenberry,39:00,16,1.000,15,5,10,33.3%,3,0,-,-,1,0,0,0,1,0.00,7,1,6,3,0,-,-13,43.3%,49.0%,16,-,-,-,7,2,5,28.6%,8,3,5,37.5%,0.53,3,3,0,100.0%,0.20,0,0,0,13.1,0.0%,0.0%,0.0%,0.0%,27,-,-,-,-,-,-,-,-,0.0%
Fordham@St. John's,12/5/2021,5,Antonio Daye Jr.,28:00,13,1.000,12,5,7,41.7%,1,2,0.50,0.00,0,1,0,0,0,0.00,2,0,2,3,3,0.00,-13,45.8%,50.5%,13,-,-,-,7,4,3,57.1%,5,1,4,20.0%,0.42,2,2,0,100.0%,0.17,2,0,0,4.7,15.4%,15.4%,0.0%,0.0%,16,-,-,-,-,-,-,-,-,0.0%
Fordham@St. John's,12/5/2021,10,Kyle Rose,26:00,0,0.000,3,0,3,0.0%,3,3,1.00,1.33,4,2,1,0,5,0.00,4,1,3,0,0,-,-11,0.0%,0.0%,3,-,-,-,0,0,0,-,3,0,3,0.0%,1.00,0,0,0,-,0.00,0,0,0,3.3,60.0%,0.0%,0.0%,0.0%,8,-,-,-,-,-,-,-,-,0.0%
Fordham@St. John's,12/5/2021,15,Rostyslav Novitskyi,08:00,0,-,0,0,0,-,0,0,-,-,0,0,0,0,0,-,1,1,0,0,1,0.00,-6,-,-,0,-,-,-,0,0,0,-,0,0,0,-,-,0,0,0,-,-,0,0,0,0.3,-,-,-,-,0,-,-,-,-,-,-,-,-,-
Fordham@St. John's,12/5/2021,21,Josh Navarro,18:00,4,0.800,3,1,2,33.3%,2,1,2.00,0.00,0,1,0,0,0,0.00,1,1,0,2,2,0.00,3,50.0%,58.1%,3,-,-,-,0,0,0,-,3,1,2,33.3%,1.00,1,1,0,100.0%,0.33,1,0,0,2.6,20.0%,20.0%,0.0%,0.0%,12,-,-,-,-,-,-,-,-,0.0%
Fordham@St. John's,12/5/2021,24,Antrell Charlton,31:00,8,0.571,11,3,8,27.3%,2,3,0.67,0.33,1,2,0,0,1,0.00,4,0,4,0,5,0.00,-13,36.4%,36.4%,11,-,-,-,5,1,4,20.0%,6,2,4,33.3%,0.55,0,0,0,-,0.00,0,0,0,0.1,21.4%,0.0%,0.0%,0.0%,13,-,-,-,-,-,-,-,-,0.0%
Fordham@St. John's,12/5/2021,30,Abdou Tsimbila,04:00,0,0.000,0,0,0,-,0,2,0.00,0.00,0,1,0,0,0,-,0,0,0,0,0,-,4,-,-,0,-,-,-,0,0,0,-,0,0,0,-,-,0,0,0,-,-,0,0,0,-2.0,100.0%,0.0%,0.0%,0.0%,0,-,-,-,-,-,-,-,-,0.0%
Fordham@St. John's,12/5/2021,50,Ahmad Harrison,09:00,2,1.000,2,1,1,50.0%,0,0,-,-,0,0,0,0,0,0.00,0,0,0,0,0,-,-1,50.0%,50.0%,2,-,-,-,1,1,0,100.0%,1,0,1,0.0%,0.50,0,0,0,-,0.00,0,0,0,1.0,0.0%,0.0%,0.0%,0.0%,2,-,-,-,-,-,-,-,-,0.0%
game,date,player #,Player,Min,Pts,PPP,FG Att,FG Made,FG Miss,FG%,Ast,TO,Ast/TO,STL/TO,Stl,Stl Pos,Blk,Blk FGA,STL + BLK,BLK FGA/FGA,Tot Reb,Off Reb,Def Reb,PF TKN,PF COM,BLK/Foul,+/-,eFG%,TS%,TSA,SSQ,PPS,SSM,2 FG Att,2 FG Made,2 FG Miss,2 FG%,3FG Att,3 FG Made,3 FG Miss,3 FG%,3PA/FGA,FT Att,FT Made,FT Miss,FT%,FTA/FGA,+1,Chg Tkn,Chg Com,GM SCORE,TO%,+1%,Score%,%SF,PTSc,LOW SSQ Made,LOW SSQ Miss,LOW SSQ Att,LOW SSQ % Time,HIGH SSQ Made,HIGH SSQ Miss,HIGH SSQ Att,HIGH SSQ % Time,%FT
LIU@Fordham,12/9/2021,0,Kam'ron Cunningham,12:00,0,0.000,2,0,2,0.0%,0,1,0.00,0.00,0,1,0,0,0,0.00,1,0,1,0,1,0.00,-2,0.0%,0.0%,2,-,-,-,0,0,0,-,2,0,2,0.0%,1.00,0,0,0,-,0.00,0,0,0,-2.5,33.3%,0.0%,0.0%,0.0%,0,-,-,-,-,-,-,-,-,0.0%
LIU@Fordham,12/9/2021,1,Chuba Ohams,33:00,20,1.250,12,9,3,75.0%,1,0,-,-,1,0,2,0,3,0.00,11,3,8,3,1,2.00,17,75.0%,72.7%,14,-,-,-,11,9,2,81.8%,1,0,1,0.0%,0.08,4,2,2,50.0%,0.33,1,0,0,21.6,0.0%,6.3%,0.0%,0.0%,23,-,-,-,-,-,-,-,-,0.0%
LIU@Fordham,12/9/2021,3,Darius Quisenberry,35:00,14,0.933,14,5,9,35.7%,2,0,-,-,0,0,0,0,0,0.00,4,1,3,1,2,0.00,7,42.9%,47.0%,15,-,-,-,8,3,5,37.5%,6,2,4,33.3%,0.43,2,2,0,100.0%,0.14,0,0,0,8.4,0.0%,0.0%,0.0%,0.0%,19,-,-,-,-,-,-,-,-,0.0%
LIU@Fordham,12/9/2021,5,Antonio Daye Jr.,34:00,17,1.308,7,4,3,57.1%,5,1,5.00,3.00,3,0,0,0,3,0.00,4,1,3,8,2,0.00,25,71.4%,74.6%,11,-,-,-,4,2,2,50.0%,3,2,1,66.7%,0.43,10,7,3,70.0%,1.43,0,0,0,18.8,7.7%,0.0%,0.0%,0.0%,30,-,-,-,-,-,-,-,-,0.0%
LIU@Fordham,12/9/2021,10,Kyle Rose,23:00,10,1.250,7,4,3,57.1%,2,1,2.00,3.00,3,0,0,0,3,0.00,0,0,0,0,0,-,27,71.4%,71.4%,7,-,-,-,3,2,1,66.7%,4,2,2,50.0%,0.57,0,0,0,-,0.00,0,0,0,10.1,12.5%,0.0%,0.0%,0.0%,16,-,-,-,-,-,-,-,-,0.0%
LIU@Fordham,12/9/2021,23,Pat Kelly,07:00,0,0.000,5,0,5,0.0%,0,0,-,-,1,0,0,0,1,0.00,0,0,0,0,0,-,-9,0.0%,0.0%,5,-,-,-,0,0,0,-,5,0,5,0.0%,1.00,0,0,0,-,0.00,0,0,0,-2.5,0.0%,0.0%,0.0%,0.0%,0,-,-,-,-,-,-,-,-,0.0%
LIU@Fordham,12/9/2021,24,Antrell Charlton,25:00,10,1.250,8,4,4,50.0%,4,0,-,-,2,0,0,0,2,0.00,6,1,5,0,2,0.00,27,62.5%,62.5%,8,-,-,-,3,2,1,66.7%,5,2,3,40.0%,0.63,0,0,0,-,0.00,0,0,0,12.2,0.0%,0.0%,0.0%,0.0%,17,-,-,-,-,-,-,-,-,0.0%
LIU@Fordham,12/9/2021,30,Abdou Tsimbila,18:00,2,0.250,5,1,4,20.0%,0,3,0.00,0.00,0,0,1,0,1,0.00,6,3,3,0,2,0.50,-12,20.0%,20.0%,5,-,-,-,5,1,4,20.0%,0,0,0,-,0.00,0,0,0,-,0.00,0,0,0,-1.2,37.5%,0.0%,0.0%,0.0%,2,-,-,-,-,-,-,-,-,0.0%
LIU@Fordham,12/9/2021,50,Ahmad Harrison,14:00,0,0.000,3,0,3,0.0%,0,0,-,-,0,0,0,0,0,0.00,1,0,1,0,1,0.00,-10,0.0%,0.0%,3,-,-,-,2,0,2,0.0%,1,0,1,0.0%,0.33,0,0,0,-,0.00,0,0,0,-2.2,0.0%,0.0%,0.0%,0.0%,0,-,-,-,-,-,-,-,-,0.0%
game,date,player #,Player,Min,Pts,PPP,FG Att,FG Made,FG Miss,FG%,Ast,TO,Ast/TO,STL/TO,Stl,Stl Pos,Blk,Blk FGA,STL + BLK,BLK FGA/FGA,Tot Reb,Off Reb,Def Reb,PF TKN,PF COM,BLK/Foul,+/-,eFG%,TS%,TSA,SSQ,PPS,SSM,2 FG Att,2 FG Made,2 FG Miss,2 FG%,3FG Att,3 FG Made,3 FG Miss,3 FG%,3PA/FGA,FT Att,FT Made,FT Miss,FT%,FTA/FGA,+1,Chg Tkn,Chg Com,GM SCORE,TO%,+1%,Score%,%SF,PTSc,LOW SSQ Made,LOW SSQ Miss,LOW SSQ Att,LOW SSQ % Time,HIGH SSQ Made,HIGH SSQ Miss,HIGH SSQ Att,HIGH SSQ % Time,%FT
Fordham vs Miami (FL),12/12/2021,0,Kam'ron Cunningham,13:00,9,1.800,5,3,2,60.0%,0,0,-,-,1,0,0,0,1,0.00,1,0,1,0,0,-,-,90.0%,90.0%,5,-,-,-,0,0,0,-,5,3,2,60.0%,1.00,0,0,0,-,0.00,0,0,0,8.0,0.0%,0.0%,0.0%,0.0%,9,-,-,-,-,-,-,-,-,0.0%
Fordham vs Miami (FL),12/12/2021,1,Chuba Ohams,29:00,15,1.364,6,6,0,100.0%,0,3,0.00,0.00,0,2,3,0,3,0.00,6,2,4,2,3,1.00,-,100.0%,96.6%,8,-,-,-,6,6,0,100.0%,0,0,0,-,0.00,4,3,1,75.0%,0.67,0,0,0,13.3,27.3%,0.0%,0.0%,0.0%,17,-,-,-,-,-,-,-,-,0.0%
Fordham vs Miami (FL),12/12/2021,3,Darius Quisenberry,37:00,12,0.857,15,4,11,26.7%,0,0,-,-,1,0,0,0,1,0.00,5,0,5,2,2,0.00,-,33.3%,36.8%,16,-,-,-,4,2,2,50.0%,11,2,9,18.2%,0.73,3,2,1,66.7%,0.20,1,0,0,4.4,0.0%,7.1%,0.0%,0.0%,12,-,-,-,-,-,-,-,-,0.0%
Fordham vs Miami (FL),12/12/2021,5,Antonio Daye Jr.,38:00,13,0.722,11,4,7,36.4%,6,4,1.50,0.00,0,2,1,0,1,0.00,5,1,4,2,2,0.50,-,40.9%,50.9%,13,-,-,-,5,3,2,60.0%,6,1,5,16.7%,0.55,4,4,0,100.0%,0.36,0,0,0,8.9,22.2%,0.0%,0.0%,0.0%,29,-,-,-,-,-,-,-,-,0.0%
Fordham vs Miami (FL),12/12/2021,10,Kyle Rose,18:00,3,0.500,6,1,5,16.7%,1,0,-,-,0,0,0,0,0,0.00,1,0,1,0,4,0.00,-,25.0%,25.0%,6,-,-,-,1,0,1,0.0%,5,1,4,20.0%,0.83,0,0,0,-,0.00,0,0,0,-1.4,0.0%,0.0%,0.0%,0.0%,5,-,-,-,-,-,-,-,-,0.0%
Fordham vs Miami (FL),12/12/2021,21,Josh Navarro,12:00,7,1.400,4,2,2,50.0%,1,0,-,-,0,0,0,0,0,0.00,2,1,1,1,0,-,-,50.0%,65.8%,5,-,-,-,2,2,0,100.0%,2,0,2,0.0%,0.50,3,3,0,100.0%,0.75,0,0,0,6.7,0.0%,0.0%,0.0%,0.0%,10,-,-,-,-,-,-,-,-,0.0%
Fordham vs Miami (FL),12/12/2021,23,Pat Kelly,05:00,0,0.000,1,0,1,0.0%,0,0,-,-,0,0,0,0,0,0.00,1,0,1,0,0,-,-,0.0%,0.0%,1,-,-,-,0,0,0,-,1,0,1,0.0%,1.00,0,0,0,-,0.00,0,0,0,-0.4,0.0%,0.0%,0.0%,0.0%,0,-,-,-,-,-,-,-,-,0.0%
Fordham vs Miami (FL),12/12/2021,24,Antrell Charlton,37:00,7,0.583,12,3,9,25.0%,3,0,-,-,1,0,0,0,1,0.00,9,2,7,0,4,0.00,-,29.2%,29.2%,12,-,-,-,4,2,2,50.0%,8,1,7,12.5%,0.67,0,0,0,-,0.00,0,0,0,4.8,0.0%,0.0%,0.0%,0.0%,14,-,-,-,-,-,-,-,-,0.0%
Fordham vs Miami (FL),12/12/2021,30,Abdou Tsimbila,06:00,0,0.000,0,0,0,-,0,1,0.00,0.00,0,0,2,0,2,-,1,0,1,0,1,2.00,-,-,-,0,-,-,-,0,0,0,-,0,0,0,-,-,0,0,0,-,-,0,0,0,0.3,100.0%,0.0%,0.0%,0.0%,0,-,-,-,-,-,-,-,-,0.0%
Fordham vs Miami (FL),12/12/2021,50,Ahmad Harrison,05:00,0,0.000,0,0,0,-,0,1,0.00,1.00,1,0,1,0,2,-,1,0,1,0,1,1.00,-,-,-,0,-,-,-,0,0,0,-,0,0,0,-,-,0,0,0,-,-,0,0,0,0.6,100.0%,0.0%,0.0%,0.0%,0,-,-,-,-,-,-,-,-,0.0%
game,date,player #,Player,Min,Pts,PPP,FG Att,FG Made,FG Miss,FG%,Ast,TO,Ast/TO,STL/TO,Stl,Stl Pos,Blk,Blk FGA,STL + BLK,BLK FGA/FGA,Tot Reb,Off Reb,Def Reb,PF TKN,PF COM,BLK/Foul,+/-,eFG%,TS%,TSA,SSQ,PPS,SSM,2 FG Att,2 FG Made,2 FG Miss,2 FG%,3FG Att,3 FG Made,3 FG Miss,3 FG%,3PA/FGA,FT Att,FT Made,FT Miss,FT%,FTA/FGA,+1,Chg Tkn,Chg Com,GM SCORE,TO%,+1%,Score%,%SF,PTSc,LOW SSQ Made,LOW SSQ Miss,LOW SSQ Att,LOW SSQ % Time,HIGH SSQ Made,HIGH SSQ Miss,HIGH SSQ Att,HIGH SSQ % Time,%FT
Fordham@La Salle,12/30/2021,0,Kam'ron Cunningham,11:00,0,0.000,5,0,5,0.0%,0,0,-,-,1,0,0,0,1,0.00,4,0,4,1,1,0.00,9,0.0%,0.0%,5,-,-,-,1,0,1,0.0%,4,0,4,0.0%,0.80,0,0,0,-,0.00,0,0,0,-1.7,0.0%,0.0%,0.0%,0.0%,0,-,-,-,-,-,-,-,-,0.0%
Fordham@La Salle,12/30/2021,1,Chuba Ohams,36:00,15,0.882,15,7,8,46.7%,2,1,2.00,0.00,0,1,0,0,0,0.00,11,2,9,1,1,0.00,4,46.7%,47.2%,16,-,-,-,15,7,8,46.7%,0,0,0,-,0.00,2,1,1,50.0%,0.13,0,0,0,11.0,5.9%,0.0%,0.0%,0.0%,20,-,-,-,-,-,-,-,-,0.0%
Fordham@La Salle,12/30/2021,3,Darius Quisenberry,36:00,19,1.462,9,5,4,55.6%,2,1,2.00,0.00,0,1,0,0,0,0.00,3,0,3,3,2,0.00,6,72.2%,81.6%,12,-,-,-,5,2,3,40.0%,4,3,1,75.0%,0.44,6,6,0,100.0%,0.67,0,0,0,15.2,7.7%,0.0%,0.0%,0.0%,24,-,-,-,-,-,-,-,-,0.0%
Fordham@La Salle,12/30/2021,5,Antonio Daye Jr.,28:00,8,0.533,7,3,4,42.9%,3,8,0.38,0.25,2,4,0,0,2,0.00,3,0,3,5,2,0.00,6,50.0%,48.1%,8,-,-,-,5,2,3,40.0%,2,1,1,50.0%,0.29,3,1,2,33.3%,0.43,1,0,0,-0.3,53.3%,6.7%,0.0%,0.0%,17,-,-,-,-,-,-,-,-,0.0%
Fordham@La Salle,12/30/2021,10,Kyle Rose,22:00,7,1.000,6,3,3,50.0%,0,1,0.00,0.00,0,0,0,0,0,0.00,2,1,1,0,4,0.00,-8,58.3%,58.3%,6,-,-,-,2,2,0,100.0%,4,1,3,25.0%,0.67,0,0,0,-,0.00,0,0,0,2.4,14.3%,0.0%,0.0%,0.0%,7,-,-,-,-,-,-,-,-,0.0%
Fordham@La Salle,12/30/2021,21,Josh Navarro,24:00,17,1.889,8,5,3,62.5%,0,0,-,-,1,0,0,0,1,0.00,3,1,2,1,1,0.00,10,93.8%,95.7%,9,-,-,-,0,0,0,-,8,5,3,62.5%,1.00,2,2,0,100.0%,0.25,0,0,0,15.3,0.0%,0.0%,0.0%,0.0%,19,-,-,-,-,-,-,-,-,0.0%
Fordham@La Salle,12/30/2021,24,Antrell Charlton,36:00,3,0.375,7,1,6,14.3%,9,0,-,-,2,0,0,0,2,0.00,3,1,2,1,4,0.00,13,14.3%,19.0%,8,-,-,-,4,1,3,25.0%,3,0,3,0.0%,0.43,2,1,1,50.0%,0.29,0,0,0,6.1,0.0%,0.0%,0.0%,0.0%,23,-,-,-,-,-,-,-,-,0.0%
Fordham@La Salle,12/30/2021,30,Abdou Tsimbila,07:00,0,-,0,0,0,-,0,0,-,-,1,0,0,0,1,-,1,0,1,0,0,-,0,-,-,0,-,-,-,0,0,0,-,0,0,0,-,-,0,0,0,-,-,0,0,0,1.3,-,-,-,-,0,-,-,-,-,-,-,-,-,-
game,date,player #,Player,Min,Pts,PPP,FG Att,FG Made,FG Miss,FG%,Ast,TO,Ast/TO,STL/TO,Stl,Stl Pos,Blk,Blk FGA,STL + BLK,BLK FGA/FGA,Tot Reb,Off Reb,Def Reb,PF TKN,PF COM,BLK/Foul,+/-,eFG%,TS%,TSA,SSQ,PPS,SSM,2 FG Att,2 FG Made,2 FG Miss,2 FG%,3FG Att,3 FG Made,3 FG Miss,3 FG%,3PA/FGA,FT Att,FT Made,FT Miss,FT%,FTA/FGA,+1,Chg Tkn,Chg Com,GM SCORE,TO%,+1%,Score%,%SF,PTSc,LOW SSQ Made,LOW SSQ Miss,LOW SSQ Att,LOW SSQ % Time,HIGH SSQ Made,HIGH SSQ Miss,HIGH SSQ Att,HIGH SSQ % Time,%FT
Duquesne@Fordham,1/12/2022,0,Kam'ron Cunningham,07:00,2,1.000,1,0,1,0.0%,0,0,-,-,0,0,0,0,0,0.00,0,0,0,1,0,-,2,53.2%,100.0%,2,-,-,-,0,0,0,-,1,0,1,0.0%,1.00,2,2,0,100.0%,2.00,0,0,0,1.3,0.0%,0.0%,0.0%,0.0%,2,-,-,-,-,-,-,-,-,0.0%
Duquesne@Fordham,1/12/2022,1,Chuba Ohams,34:00,14,0.609,19,7,12,36.8%,3,3,1.00,1.00,3,1,8,0,11,0.00,16,8,8,1,1,8.00,14,36.8%,35.2%,20,-,-,-,19,7,12,36.8%,0,0,0,-,0.00,2,0,2,0.0%,0.11,0,0,0,18.0,13.0%,0.0%,0.0%,0.0%,22,-,-,-,-,-,-,-,-,0.0%
Duquesne@Fordham,1/12/2022,3,Darius Quisenberry,34:00,16,0.800,15,6,9,40.0%,2,4,0.50,0.50,2,1,0,0,2,0.00,4,0,4,1,3,0.00,16,46.7%,47.7%,17,-,-,-,10,4,6,40.0%,5,2,3,40.0%,0.33,4,2,2,50.0%,0.27,0,0,0,6.5,20.0%,0.0%,0.0%,0.0%,20,-,-,-,-,-,-,-,-,0.0%
Duquesne@Fordham,1/12/2022,5,Antonio Daye Jr.,36:00,16,0.762,17,7,10,41.2%,4,1,4.00,0.00,0,1,0,0,0,0.00,2,0,2,3,3,0.00,16,41.2%,44.7%,18,-,-,-,15,7,8,46.7%,2,0,2,0.0%,0.12,2,2,0,100.0%,0.12,0,0,0,8.1,4.8%,0.0%,0.0%,0.0%,24,-,-,-,-,-,-,-,-,0.0%
Duquesne@Fordham,1/12/2022,10,Kyle Rose,31:00,13,2.167,6,5,1,83.3%,4,0,-,-,2,0,0,0,2,0.00,5,0,5,0,1,0.00,13,108.3%,108.3%,6,-,-,-,3,2,1,66.7%,3,3,0,100.0%,0.50,0,0,0,-,0.00,0,0,0,16.7,0.0%,0.0%,0.0%,0.0%,22,-,-,-,-,-,-,-,-,0.0%
Duquesne@Fordham,1/12/2022,21,Josh Navarro,16:00,5,1.667,2,1,1,50.0%,2,0,-,-,2,0,0,0,2,0.00,0,0,0,1,2,0.00,5,75.0%,86.8%,3,-,-,-,0,0,0,-,2,1,1,50.0%,1.00,2,2,0,100.0%,1.00,0,0,0,6.6,0.0%,0.0%,0.0%,0.0%,11,-,-,-,-,-,-,-,-,0.0%
Duquesne@Fordham,1/12/2022,23,Pat Kelly,05:00,0,0.000,0,0,0,-,1,0,-,-,0,0,0,0,0,-,0,0,0,0,0,-,0,-,-,0,-,-,-,0,0,0,-,0,0,0,-,-,0,0,0,-,-,0,0,0,0.7,-,-,-,-,2,-,-,-,-,-,-,-,-,-
Duquesne@Fordham,1/12/2022,24,Antrell Charlton,33:00,4,0.400,8,2,6,25.0%,4,2,2.00,1.50,3,2,2,0,5,0.00,6,0,6,0,3,0.67,4,25.0%,25.0%,8,-,-,-,5,2,3,40.0%,3,0,3,0.0%,0.38,0,0,0,-,0.00,0,0,0,5.0,20.0%,0.0%,0.0%,0.0%,13,-,-,-,-,-,-,-,-,0.0%
Duquesne@Fordham,1/12/2022,30,Abdou Tsimbila,04:00,2,1.000,2,1,1,50.0%,0,0,-,-,0,0,0,0,0,0.00,0,0,0,0,0,-,2,50.0%,50.0%,2,-,-,-,2,1,1,50.0%,0,0,0,-,0.00,0,0,0,-,0.00,0,0,0,1.0,0.0%,0.0%,0.0%,0.0%,2,-,-,-,-,-,-,-,-,0.0%
Duquesne@Fordham,1/12/2022,50,Ahmad Harrison,01:00,0,-,0,0,0,-,0,0,-,-,0,0,0,0,0,-,0,0,0,0,0,-,0,-,-,0,-,-,-,0,0,0,-,0,0,0,-,-,0,0,0,-,-,0,0,0,0.0,-,-,-,-,0,-,-,-,-,-,-,-,-,-
game,date,player #,Player,Min,Pts,PPP,FG Att,FG Made,FG Miss,FG%,Ast,TO,Ast/TO,STL/TO,Stl,Stl Pos,Blk,Blk FGA,STL + BLK,BLK FGA/FGA,Tot Reb,Off Reb,Def Reb,PF TKN,PF COM,BLK/Foul,+/-,eFG%,TS%,TSA,SSQ,PPS,SSM,2 FG Att,2 FG Made,2 FG Miss,2 FG%,3FG Att,3 FG Made,3 FG Miss,3 FG%,3PA/FGA,FT Att,FT Made,FT Miss,FT%,FTA/FGA,+1,Chg Tkn,Chg Com,GM SCORE,TO%,+1%,Score%,%SF,PTSc,LOW SSQ Made,LOW SSQ Miss,LOW SSQ Att,LOW SSQ % Time,HIGH SSQ Made,HIGH SSQ Miss,HIGH SSQ Att,HIGH SSQ % Time,%FT
Fordham@Saint Louis,1/15/2022,0,Kam'ron Cunningham,11:00,4,0.667,5,2,3,40.0%,0,0,-,-,0,0,0,0,0,0.00,2,0,2,0,1,0.00,0,40.0%,40.0%,5,-,-,-,3,2,1,66.7%,2,0,2,0.0%,0.40,0,0,0,-,0.00,0,0,0,1.5,0.0%,0.0%,0.0%,0.0%,4,-,-,-,-,-,-,-,-,0.0%
Fordham@Saint Louis,1/15/2022,1,Chuba Ohams,28:00,8,0.444,13,4,9,30.8%,2,3,0.67,0.33,1,0,0,0,1,0.00,8,2,6,6,3,0.00,-4,30.8%,27.1%,15,-,-,-,13,4,9,30.8%,0,0,0,-,0.00,4,0,4,0.0%,0.31,0,0,0,0.3,16.7%,0.0%,0.0%,0.0%,13,-,-,-,-,-,-,-,-,0.0%
Fordham@Saint Louis,1/15/2022,3,Darius Quisenberry,34:00,15,0.714,13,5,8,38.5%,0,6,0.00,0.50,3,4,0,0,3,0.00,1,0,1,3,3,0.00,-20,50.0%,52.4%,14,-,-,-,6,2,4,33.3%,7,3,4,42.9%,0.54,3,2,1,66.7%,0.23,0,0,0,3.6,28.6%,0.0%,0.0%,0.0%,17,-,-,-,-,-,-,-,-,0.0%
Fordham@Saint Louis,1/15/2022,10,Kyle Rose,35:00,4,2.000,1,1,0,100.0%,0,0,-,-,2,0,0,0,2,0.00,4,0,4,1,3,0.00,-12,150.0%,106.4%,2,-,-,-,0,0,0,-,1,1,0,100.0%,1.00,2,1,1,50.0%,2.00,0,0,0,5.3,0.0%,0.0%,0.0%,0.0%,8,-,-,-,-,-,-,-,-,0.0%
Fordham@Saint Louis,1/15/2022,21,Josh Navarro,29:00,4,0.667,5,2,3,40.0%,2,1,2.00,0.00,0,1,0,0,0,0.00,1,0,1,2,2,0.00,-1,40.0%,40.0%,5,-,-,-,3,2,1,66.7%,2,0,2,0.0%,0.40,0,0,0,-,0.00,0,0,0,1.2,16.7%,0.0%,0.0%,0.0%,9,-,-,-,-,-,-,-,-,0.0%
Fordham@Saint Louis,1/15/2022,23,Pat Kelly,03:00,0,0.000,2,0,2,0.0%,0,0,-,-,0,0,0,0,0,0.00,1,1,0,0,0,-,-5,0.0%,0.0%,2,-,-,-,0,0,0,-,2,0,2,0.0%,1.00,0,0,0,-,0.00,0,0,0,-0.7,0.0%,0.0%,0.0%,0.0%,0,-,-,-,-,-,-,-,-,0.0%
Fordham@Saint Louis,1/15/2022,24,Antrell Charlton,39:00,6,0.462,12,2,10,16.7%,4,0,-,-,3,0,0,0,3,0.00,1,0,1,1,2,0.00,-16,20.8%,23.3%,13,-,-,-,6,1,5,16.7%,6,1,5,16.7%,0.50,2,1,1,50.0%,0.17,0,0,0,3.3,0.0%,0.0%,0.0%,0.0%,16,-,-,-,-,-,-,-,-,0.0%
Fordham@Saint Louis,1/15/2022,30,Abdou Tsimbila,12:00,2,0.500,3,0,3,0.0%,0,0,-,-,0,0,0,0,0,0.00,4,3,1,1,2,0.00,-10,0.0%,25.8%,4,-,-,-,3,0,3,0.0%,0,0,0,-,0.00,2,2,0,100.0%,0.67,0,0,0,1.5,0.0%,0.0%,0.0%,0.0%,2,-,-,-,-,-,-,-,-,0.0%
Fordham@Saint Louis,1/15/2022,50,Ahmad Harrison,11:00,2,0.500,2,0,2,0.0%,0,0,-,-,0,0,0,0,0,0.00,2,1,1,2,3,0.00,-12,0.0%,30.1%,3,-,-,-,2,0,2,0.0%,0,0,0,-,0.00,3,2,1,66.7%,1.50,0,0,0,0.0,0.0%,0.0%,0.0%,0.0%,2,-,-,-,-,-,-,-,-,0.0%
game,date,player #,Player,Min,Pts,PPP,FG Att,FG Made,FG Miss,FG%,Ast,TO,Ast/TO,STL/TO,Stl,Stl Pos,Blk,Blk FGA,STL + BLK,BLK FGA/FGA,Tot Reb,Off Reb,Def Reb,PF TKN,PF COM,BLK/Foul,+/-,eFG%,TS%,TSA,SSQ,PPS,SSM,2 FG Att,2 FG Made,2 FG Miss,2 FG%,3FG Att,3 FG Made,3 FG Miss,3 FG%,3PA/FGA,FT Att,FT Made,FT Miss,FT%,FTA/FGA,+1,Chg Tkn,Chg Com,GM SCORE,TO%,+1%,Score%,%SF,PTSc,LOW SSQ Made,LOW SSQ Miss,LOW SSQ Att,LOW SSQ % Time,HIGH SSQ Made,HIGH SSQ Miss,HIGH SSQ Att,HIGH SSQ % Time,%FT
Richmond@Fordham,1/18/2022,0,Kam'ron Cunningham,08:00,0,0.000,2,0,2,0.0%,0,0,-,-,0,0,0,0,0,0.00,0,0,0,0,2,0.00,-3,0.0%,0.0%,2,-,-,-,1,0,1,0.0%,1,0,1,0.0%,0.50,0,0,0,-,0.00,0,0,0,-2.2,0.0%,0.0%,0.0%,0.0%,0,-,-,-,-,-,-,-,-,0.0%
Richmond@Fordham,1/18/2022,1,Chuba Ohams,33:00,10,0.667,8,5,3,62.5%,1,7,0.14,0.00,0,5,1,0,1,0.00,11,2,9,0,3,0.33,-5,62.5%,62.5%,8,-,-,-,8,5,3,62.5%,0,0,0,-,0.00,0,0,0,-,0.00,0,0,0,3.7,46.7%,0.0%,0.0%,0.0%,13,-,-,-,-,-,-,-,-,0.0%
Richmond@Fordham,1/18/2022,3,Darius Quisenberry,37:00,23,1.095,15,8,7,53.3%,8,4,2.00,0.25,1,1,0,0,1,0.00,5,1,4,6,3,0.00,-15,63.3%,63.6%,18,-,-,-,6,5,1,83.3%,9,3,6,33.3%,0.60,7,4,3,57.1%,0.47,1,0,0,17.8,19.0%,4.8%,0.0%,0.0%,44,-,-,-,-,-,-,-,-,0.0%
Richmond@Fordham,1/18/2022,10,Kyle Rose,37:00,16,1.333,9,6,3,66.7%,2,3,0.67,1.00,3,1,0,0,3,0.00,2,0,2,0,3,0.00,-2,88.9%,88.9%,9,-,-,-,2,2,0,100.0%,7,4,3,57.1%,0.78,0,0,0,-,0.00,0,0,0,12.9,25.0%,0.0%,0.0%,0.0%,21,-,-,-,-,-,-,-,-,0.0%
Richmond@Fordham,1/18/2022,21,Josh Navarro,33:00,3,0.333,5,1,4,20.0%,3,4,0.75,0.00,0,1,0,0,0,0.00,1,0,1,1,1,0.00,-5,30.0%,30.0%,5,-,-,-,1,0,1,0.0%,4,1,3,25.0%,0.80,0,0,0,-,0.00,0,0,0,-2.4,44.4%,0.0%,0.0%,0.0%,11,-,-,-,-,-,-,-,-,0.0%
Richmond@Fordham,1/18/2022,23,Pat Kelly,11:00,3,1.000,3,1,2,33.3%,0,0,-,-,0,0,1,0,1,0.00,2,1,1,0,1,1.00,-3,50.0%,50.0%,3,-,-,-,0,0,0,-,3,1,2,33.3%,1.00,0,0,0,-,0.00,0,0,0,2.6,0.0%,0.0%,0.0%,0.0%,3,-,-,-,-,-,-,-,-,0.0%
Richmond@Fordham,1/18/2022,24,Antrell Charlton,28:00,13,1.182,8,4,4,50.0%,3,2,1.50,0.00,0,0,1,0,1,0.00,3,0,3,2,4,0.25,-17,68.8%,73.2%,9,-,-,-,3,1,2,33.3%,5,3,2,60.0%,0.63,2,2,0,100.0%,0.25,0,0,0,9.1,18.2%,0.0%,0.0%,0.0%,23,-,-,-,-,-,-,-,-,0.0%
Richmond@Fordham,1/18/2022,30,Abdou Tsimbila,10:00,0,0.000,2,0,2,0.0%,0,0,-,-,1,0,0,0,1,0.00,7,3,4,0,2,0.00,-2,0.0%,0.0%,2,-,-,-,2,0,2,0.0%,0,0,0,-,0.00,0,0,0,-,0.00,0,0,0,2.1,0.0%,0.0%,0.0%,0.0%,0,-,-,-,-,-,-,-,-,0.0%
Richmond@Fordham,1/18/2022,50,Ahmad Harrison,03:00,2,0.667,1,1,0,100.0%,0,2,0.00,0.00,0,1,0,0,0,0.00,1,1,0,0,1,0.00,-3,100.0%,100.0%,1,-,-,-,1,1,0,100.0%,0,0,0,-,0.00,0,0,0,-,0.00,0,0,0,0.0,66.7%,0.0%,0.0%,0.0%,2,-,-,-,-,-,-,-,-,0.0%
game,date,player #,Player,Min,Pts,PPP,FG Att,FG Made,FG Miss,FG%,Ast,TO,Ast/TO,STL/TO,Stl,Stl Pos,Blk,Blk FGA,STL + BLK,BLK FGA/FGA,Tot Reb,Off Reb,Def Reb,PF TKN,PF COM,BLK/Foul,+/-,eFG%,TS%,TSA,SSQ,PPS,SSM,2 FG Att,2 FG Made,2 FG Miss,2 FG%,3FG Att,3 FG Made,3 FG Miss,3 FG%,3PA/FGA,FT Att,FT Made,FT Miss,FT%,FTA/FGA,+1,Chg Tkn,Chg Com,GM SCORE,TO%,+1%,Score%,%SF,PTSc,LOW SSQ Made,LOW SSQ Miss,LOW SSQ Att,LOW SSQ % Time,HIGH SSQ Made,HIGH SSQ Miss,HIGH SSQ Att,HIGH SSQ % Time,%FT
Davidson@Fordham,1/22/2022,0,Kam'ron Cunningham,13:00,5,0.833,5,2,3,40.0%,0,1,0.00,0.00,0,0,0,0,0,0.00,3,1,2,0,2,0.00,3,50.0%,50.0%,5,-,-,-,2,1,1,50.0%,3,1,2,33.3%,0.60,0,0,0,-,0.00,0,0,0,1.8,16.7%,0.0%,0.0%,0.0%,5,-,-,-,-,-,-,-,-,0.0%
Davidson@Fordham,1/22/2022,3,Darius Quisenberry,40:00,36,1.500,20,10,10,50.0%,4,0,-,-,3,0,0,0,3,0.00,5,1,4,5,1,0.00,1,65.0%,73.8%,24,-,-,-,7,4,3,57.1%,13,6,7,46.2%,0.65,10,10,0,100.0%,0.50,0,0,0,33.3,0.0%,0.0%,0.0%,0.0%,47,-,-,-,-,-,-,-,-,0.0%
Davidson@Fordham,1/22/2022,10,Kyle Rose,29:00,2,0.333,4,0,4,0.0%,0,1,0.00,0.00,0,0,1,0,1,0.00,5,1,4,2,2,0.50,2,0.0%,20.5%,5,-,-,-,2,0,2,0.0%,2,0,2,0.0%,0.50,2,2,0,100.0%,0.50,0,0,0,0.0,16.7%,0.0%,0.0%,0.0%,2,-,-,-,-,-,-,-,-,0.0%
Davidson@Fordham,1/22/2022,13,Zach Riley,04:00,0,-,1,0,1,0.0%,0,0,-,-,0,0,0,0,0,0.00,1,0,1,0,0,-,-3,0.0%,0.0%,1,-,-,-,0,0,0,-,1,0,1,0.0%,1.00,0,0,0,-,0.00,0,0,0,-0.4,-,-,-,-,0,-,-,-,-,-,-,-,-,-
Davidson@Fordham,1/22/2022,15,Rostyslav Novitskyi,19:00,0,0.000,0,0,0,-,0,1,0.00,0.00,0,0,2,0,2,-,1,0,1,1,2,1.00,2,-,-,0,-,-,-,0,0,0,-,0,0,0,-,-,0,0,0,-,-,0,0,0,-0.1,100.0%,0.0%,0.0%,0.0%,0,-,-,-,-,-,-,-,-,0.0%
Davidson@Fordham,1/22/2022,21,Josh Navarro,28:00,8,1.143,7,3,4,42.9%,2,0,-,-,0,0,0,0,0,0.00,4,3,1,0,3,0.00,18,57.1%,57.1%,7,-,-,-,2,1,1,50.0%,5,2,3,40.0%,0.71,0,0,0,-,0.00,0,0,0,6.9,0.0%,0.0%,0.0%,0.0%,15,-,-,-,-,-,-,-,-,0.0%
Davidson@Fordham,1/22/2022,23,Pat Kelly,14:00,0,0.000,2,0,2,0.0%,0,1,0.00,0.00,0,0,1,0,1,0.00,2,0,2,0,3,0.33,-5,0.0%,0.0%,2,-,-,-,0,0,0,-,2,0,2,0.0%,1.00,0,0,0,-,0.00,0,0,0,-2.3,33.3%,0.0%,0.0%,0.0%,0,-,-,-,-,-,-,-,-,0.0%
Davidson@Fordham,1/22/2022,24,Antrell Charlton,27:00,9,0.692,10,4,6,40.0%,3,3,1.00,0.00,0,1,0,0,0,0.00,2,0,2,0,5,0.00,-6,45.0%,45.0%,10,-,-,-,6,3,3,50.0%,4,1,3,25.0%,0.40,0,0,0,-,0.00,0,0,0,1.3,23.1%,0.0%,0.0%,0.0%,16,-,-,-,-,-,-,-,-,0.0%
Davidson@Fordham,1/22/2022,30,Abdou Tsimbila,10:00,3,0.600,3,1,2,33.3%,0,2,0.00,0.00,0,0,0,0,0,0.00,2,1,1,2,5,0.00,4,33.3%,43.6%,3,-,-,-,3,1,2,33.3%,0,0,0,-,0.00,1,1,0,100.0%,0.33,1,0,0,-1.7,40.0%,20.0%,0.0%,0.0%,3,-,-,-,-,-,-,-,-,0.0%
Davidson@Fordham,1/22/2022,50,Ahmad Harrison,17:00,3,0.750,3,1,2,33.3%,1,0,-,-,1,0,0,0,1,0.00,1,0,1,1,4,0.00,-11,33.3%,38.7%,4,-,-,-,2,1,1,50.0%,1,0,1,0.0%,0.33,2,1,1,50.0%,0.67,0,0,0,1.3,0.0%,0.0%,0.0%,0.0%,6,-,-,-,-,-,-,-,-,0.0%
game,date,player #,Player,Min,Pts,PPP,FG Att,FG Made,FG Miss,FG%,Ast,TO,Ast/TO,STL/TO,Stl,Stl Pos,Blk,Blk FGA,STL + BLK,BLK FGA/FGA,Tot Reb,Off Reb,Def Reb,PF TKN,PF COM,BLK/Foul,+/-,eFG%,TS%,TSA,SSQ,PPS,SSM,2 FG Att,2 FG Made,2 FG Miss,2 FG%,3FG Att,3 FG Made,3 FG Miss,3 FG%,3PA/FGA,FT Att,FT Made,FT Miss,FT%,FTA/FGA,+1,Chg Tkn,Chg Com,GM SCORE,TO%,+1%,Score%,%SF,PTSc,LOW SSQ Made,LOW SSQ Miss,LOW SSQ Att,LOW SSQ % Time,HIGH SSQ Made,HIGH SSQ Miss,HIGH SSQ Att,HIGH SSQ % Time,%FT
Fordham@Dayton,1/25/2022,0,Kam'ron Cunningham,11:00,3,1.500,2,1,1,50.0%,0,0,-,-,0,0,0,0,0,0.00,0,0,0,0,0,-,-10,75.0%,75.0%,2,-,-,-,0,0,0,-,2,1,1,50.0%,1.00,0,0,0,-,0.00,0,0,0,2.0,0.0%,0.0%,0.0%,0.0%,3,-,-,-,-,-,-,-,-,0.0%
Fordham@Dayton,1/25/2022,3,Darius Quisenberry,36:00,17,0.810,16,4,12,25.0%,4,2,2.00,0.50,1,1,0,0,1,0.00,5,0,5,3,1,0.00,-12,31.3%,44.5%,19,-,-,-,8,2,6,25.0%,8,2,6,25.0%,0.50,7,7,0,100.0%,0.44,0,0,0,10.3,9.5%,0.0%,0.0%,0.0%,29,-,-,-,-,-,-,-,-,0.0%
Fordham@Dayton,1/25/2022,10,Kyle Rose,29:00,11,1.571,6,4,2,66.7%,0,1,0.00,2.00,2,1,0,0,2,0.00,2,1,1,2,2,0.00,6,91.7%,91.7%,6,-,-,-,1,1,0,100.0%,5,3,2,60.0%,0.83,0,0,0,-,0.00,0,0,0,9.6,14.3%,0.0%,0.0%,0.0%,11,-,-,-,-,-,-,-,-,0.0%
Fordham@Dayton,1/25/2022,15,Rostyslav Novitskyi,08:00,0,0.000,1,0,1,0.0%,1,0,-,-,0,0,1,0,1,0.00,3,0,3,0,3,0.33,6,0.0%,0.0%,1,-,-,-,1,0,1,0.0%,0,0,0,-,0.00,0,0,0,-,0.00,0,0,0,0.4,0.0%,0.0%,0.0%,0.0%,2,-,-,-,-,-,-,-,-,0.0%
Fordham@Dayton,1/25/2022,21,Josh Navarro,30:00,15,1.154,10,6,4,60.0%,2,3,0.67,1.33,4,3,0,0,4,0.00,1,0,1,1,2,0.00,0,75.0%,75.0%,10,-,-,-,3,3,0,100.0%,7,3,4,42.9%,0.70,0,0,0,-,0.00,0,0,0,12.3,23.1%,0.0%,0.0%,0.0%,21,-,-,-,-,-,-,-,-,0.0%
Fordham@Dayton,1/25/2022,23,Pat Kelly,14:00,8,1.143,6,3,3,50.0%,0,2,0.00,0.00,0,0,0,0,0,0.00,4,2,2,0,1,0.00,-10,66.7%,66.7%,6,-,-,-,2,1,1,50.0%,4,2,2,50.0%,0.67,0,0,0,-,0.00,0,0,0,4.6,28.6%,0.0%,0.0%,0.0%,8,-,-,-,-,-,-,-,-,0.0%
Fordham@Dayton,1/25/2022,24,Antrell Charlton,34:00,5,0.333,13,2,11,15.4%,5,1,5.00,3.00,3,0,0,0,3,0.00,5,0,5,1,4,0.00,-8,19.2%,19.2%,13,-,-,-,9,1,8,11.1%,4,1,3,25.0%,0.31,0,0,0,-,0.00,0,0,0,2.1,6.7%,0.0%,0.0%,0.0%,18,-,-,-,-,-,-,-,-,0.0%
Fordham@Dayton,1/25/2022,30,Abdou Tsimbila,23:00,2,1.000,2,1,1,50.0%,0,0,-,-,2,0,4,0,6,0.00,4,1,3,0,4,1.00,-10,50.0%,50.0%,2,-,-,-,2,1,1,50.0%,0,0,0,-,0.00,0,0,0,-,0.00,0,0,0,5.8,0.0%,0.0%,0.0%,0.0%,2,-,-,-,-,-,-,-,-,0.0%
Fordham@Dayton,1/25/2022,50,Ahmad Harrison,14:00,0,0.000,3,0,3,0.0%,2,1,2.00,1.00,1,0,0,0,1,0.00,0,0,0,0,0,-,3,0.0%,0.0%,3,-,-,-,2,0,2,0.0%,1,0,1,0.0%,0.33,0,0,0,-,0.00,0,0,0,-0.7,25.0%,0.0%,0.0%,0.0%,6,-,-,-,-,-,-,-,-,0.0%
game,date,player #,Player,Min,Pts,PPP,FG Att,FG Made,FG Miss,FG%,Ast,TO,Ast/TO,STL/TO,Stl,Stl Pos,Blk,Blk FGA,STL + BLK,BLK FGA/FGA,Tot Reb,Off Reb,Def Reb,PF TKN,PF COM,BLK/Foul,+/-,eFG%,TS%,TSA,SSQ,PPS,SSM,2 FG Att,2 FG Made,2 FG Miss,2 FG%,3FG Att,3 FG Made,3 FG Miss,3 FG%,3PA/FGA,FT Att,FT Made,FT Miss,FT%,FTA/FGA,+1,Chg Tkn,Chg Com,GM SCORE,TO%,+1%,Score%,%SF,PTSc,LOW SSQ Made,LOW SSQ Miss,LOW SSQ Att,LOW SSQ % Time,HIGH SSQ Made,HIGH SSQ Miss,HIGH SSQ Att,HIGH SSQ % Time,%FT
Fordham@George Washington,1/30/2022,1,Chuba Ohams,31:00,13,0.867,11,4,7,36.4%,1,3,0.33,0.00,0,3,2,0,2,0.00,10,2,8,3,1,2.00,-2,36.4%,47.7%,14,-,-,-,11,4,7,36.4%,0,0,0,-,0.00,6,5,1,83.3%,0.55,0,0,0,9.0,20.0%,0.0%,0.0%,0.0%,23,-,-,-,-,-,-,-,-,0.0%
Fordham@George Washington,1/30/2022,3,Darius Quisenberry,37:00,15,0.789,16,6,10,37.5%,0,1,0.00,2.00,2,0,0,0,2,0.00,4,0,4,2,3,0.00,-9,40.6%,44.4%,17,-,-,-,12,5,7,41.7%,4,1,3,25.0%,0.25,2,2,0,100.0%,0.13,0,0,0,7.2,5.3%,0.0%,0.0%,0.0%,15,-,-,-,-,-,-,-,-,0.0%
Fordham@George Washington,1/30/2022,10,Kyle Rose,35:00,13,0.929,13,5,8,38.5%,0,1,0.00,2.00,2,1,0,0,2,0.00,4,0,4,1,0,-,-4,50.0%,50.0%,13,-,-,-,4,2,2,50.0%,9,3,6,33.3%,0.69,0,0,0,-,0.00,0,0,0,8.1,7.1%,0.0%,0.0%,0.0%,13,-,-,-,-,-,-,-,-,0.0%
Fordham@George Washington,1/30/2022,13,Zach Riley,04:00,3,3.000,1,1,0,100.0%,0,0,-,-,0,0,0,0,0,0.00,1,0,1,0,0,-,-1,150.0%,150.0%,1,-,-,-,0,0,0,-,1,1,0,100.0%,1.00,0,0,0,-,0.00,0,0,0,2.7,0.0%,0.0%,0.0%,0.0%,3,-,-,-,-,-,-,-,-,0.0%
Fordham@George Washington,1/30/2022,15,Rostyslav Novitskyi,07:00,0,0.000,2,0,2,0.0%,1,0,-,-,0,0,1,0,1,0.00,1,1,0,0,1,1.00,-1,0.0%,0.0%,2,-,-,-,1,0,1,0.0%,1,0,1,0.0%,0.50,0,0,0,-,0.00,0,0,0,0.3,0.0%,0.0%,0.0%,0.0%,3,-,-,-,-,-,-,-,-,0.0%
Fordham@George Washington,1/30/2022,21,Josh Navarro,26:00,8,1.000,8,3,5,37.5%,2,1,2.00,2.00,2,0,0,0,2,0.00,1,1,0,0,3,0.00,-17,50.0%,50.0%,8,-,-,-,3,1,2,33.3%,5,2,3,40.0%,0.63,0,0,0,-,0.00,0,0,0,5.5,12.5%,0.0%,0.0%,0.0%,14,-,-,-,-,-,-,-,-,0.0%
Fordham@George Washington,1/30/2022,23,Pat Kelly,02:00,0,-,0,0,0,-,0,0,-,-,0,0,0,0,0,-,1,0,1,0,0,-,-3,-,-,0,-,-,-,0,0,0,-,0,0,0,-,-,0,0,0,-,-,0,0,0,0.3,-,-,-,-,0,-,-,-,-,-,-,-,-,-
Fordham@George Washington,1/30/2022,24,Antrell Charlton,31:00,3,0.300,4,1,3,25.0%,2,6,0.33,0.50,3,2,0,0,3,0.00,5,1,4,0,4,0.00,-9,37.5%,37.5%,4,-,-,-,1,0,1,0.0%,3,1,2,33.3%,0.75,0,0,0,-,0.00,0,0,0,-0.7,60.0%,0.0%,0.0%,0.0%,8,-,-,-,-,-,-,-,-,0.0%
Fordham@George Washington,1/30/2022,30,Abdou Tsimbila,11:00,0,0.000,1,0,1,0.0%,0,0,-,-,1,0,1,0,2,0.00,2,1,1,1,1,1.00,-6,0.0%,0.0%,1,-,-,-,1,0,1,0.0%,0,0,0,-,0.00,0,0,0,-,0.00,0,0,0,1.6,0.0%,0.0%,0.0%,0.0%,0,-,-,-,-,-,-,-,-,0.0%
Fordham@George Washington,1/30/2022,50,Ahmad Harrison,14:00,0,0.000,0,0,0,-,0,2,0.00,0.00,0,2,1,0,1,-,2,2,0,0,1,1.00,7,-,-,0,-,-,-,0,0,0,-,0,0,0,-,-,0,0,0,-,-,0,0,0,-0.3,100.0%,0.0%,0.0%,0.0%,0,-,-,-,-,-,-,-,-,0.0%
game,date,player #,Player,Min,Pts,PPP,FG Att,FG Made,FG Miss,FG%,Ast,TO,Ast/TO,STL/TO,Stl,Stl Pos,Blk,Blk FGA,STL + BLK,BLK FGA/FGA,Tot Reb,Off Reb,Def Reb,PF TKN,PF COM,BLK/Foul,+/-,eFG%,TS%,TSA,SSQ,PPS,SSM,2 FG Att,2 FG Made,2 FG Miss,2 FG%,3FG Att,3 FG Made,3 FG Miss,3 FG%,3PA/FGA,FT Att,FT Made,FT Miss,FT%,FTA/FGA,+1,Chg Tkn,Chg Com,GM SCORE,TO%,+1%,Score%,%SF,PTSc,LOW SSQ Made,LOW SSQ Miss,LOW SSQ Att,LOW SSQ % Time,HIGH SSQ Made,HIGH SSQ Miss,HIGH SSQ Att,HIGH SSQ % Time,%FT
Rhode Island@Fordham,2/2/2022,1,Chuba Ohams,31:00,14,0.824,10,6,4,60.0%,4,5,0.80,0.00,0,3,1,0,1,0.00,13,1,12,6,2,0.50,-4,60.0%,55.4%,13,-,-,-,9,6,3,66.7%,1,0,1,0.0%,0.10,6,2,4,33.3%,0.60,2,0,0,9.8,29.4%,11.8%,0.0%,0.0%,25,-,-,-,-,-,-,-,-,0.0%
Rhode Island@Fordham,2/2/2022,3,Darius Quisenberry,38:00,15,0.789,18,6,12,33.3%,7,1,7.00,3.00,3,0,1,0,4,0.00,3,0,3,2,1,1.00,8,41.7%,41.7%,18,-,-,-,8,3,5,37.5%,10,3,7,30.0%,0.56,0,0,0,-,0.00,0,0,0,12.9,5.3%,0.0%,0.0%,0.0%,33,-,-,-,-,-,-,-,-,0.0%
Rhode Island@Fordham,2/2/2022,10,Kyle Rose,23:00,3,0.300,7,1,6,14.3%,1,3,0.33,0.33,1,2,0,0,1,0.00,3,1,2,0,3,0.00,6,21.4%,21.4%,7,-,-,-,2,0,2,0.0%,5,1,4,20.0%,0.71,0,0,0,-,0.00,0,0,0,-2.7,30.0%,0.0%,0.0%,0.0%,5,-,-,-,-,-,-,-,-,0.0%
Rhode Island@Fordham,2/2/2022,15,Rostyslav Novitskyi,14:00,2,0.667,0,0,0,-,0,2,0.00,0.00,0,1,2,0,2,-,2,1,1,0,3,0.67,-3,-,113.6%,1,-,-,-,0,0,0,-,0,0,0,-,-,2,2,0,100.0%,-,0,0,0,1.2,66.7%,0.0%,0.0%,0.0%,2,-,-,-,-,-,-,-,-,0.0%
Rhode Island@Fordham,2/2/2022,21,Josh Navarro,25:00,12,1.500,6,4,2,66.7%,3,1,3.00,2.00,2,0,0,0,2,0.00,5,2,3,2,2,0.00,5,75.0%,82.0%,7,-,-,-,3,3,0,100.0%,3,1,2,33.3%,0.50,3,3,0,100.0%,0.50,1,0,0,14.0,12.5%,12.5%,0.0%,0.0%,20,-,-,-,-,-,-,-,-,0.0%
Rhode Island@Fordham,2/2/2022,23,Pat Kelly,14:00,6,1.200,3,2,1,66.7%,0,0,-,-,0,0,0,0,0,0.00,1,1,0,0,2,0.00,5,100.0%,100.0%,3,-,-,-,1,0,1,0.0%,2,2,0,100.0%,0.67,0,0,0,-,0.00,0,0,0,4.6,0.0%,0.0%,0.0%,0.0%,6,-,-,-,-,-,-,-,-,0.0%
Rhode Island@Fordham,2/2/2022,24,Antrell Charlton,33:00,5,0.417,7,1,6,14.3%,3,4,0.75,0.25,1,4,0,0,1,0.00,4,0,4,1,2,0.00,7,21.4%,31.7%,8,-,-,-,2,0,2,0.0%,5,1,4,20.0%,0.71,2,2,0,100.0%,0.29,0,0,0,0.0,33.3%,0.0%,0.0%,0.0%,11,-,-,-,-,-,-,-,-,0.0%
Rhode Island@Fordham,2/2/2022,30,Abdou Tsimbila,18:00,4,0.667,4,2,2,50.0%,0,1,0.00,0.00,0,0,4,0,4,0.00,5,2,3,1,4,1.00,19,50.0%,45.0%,4,-,-,-,4,2,2,50.0%,0,0,0,-,0.00,1,0,1,0.0%,0.25,0,0,0,4.1,16.7%,0.0%,0.0%,0.0%,4,-,-,-,-,-,-,-,-,0.0%
Rhode Island@Fordham,2/2/2022,50,Ahmad Harrison,02:00,0,-,0,0,0,-,0,0,-,-,0,0,0,0,0,-,0,0,0,0,1,0.00,-3,-,-,0,-,-,-,0,0,0,-,0,0,0,-,-,0,0,0,-,-,0,0,0,-0.4,-,-,-,-,0,-,-,-,-,-,-,-,-,-
game,date,player #,Player,Min,Pts,PPP,FG Att,FG Made,FG Miss,FG%,Ast,TO,Ast/TO,STL/TO,Stl,Stl Pos,Blk,Blk FGA,STL + BLK,BLK FGA/FGA,Tot Reb,Off Reb,Def Reb,PF TKN,PF COM,BLK/Foul,+/-,eFG%,TS%,TSA,SSQ,PPS,SSM,2 FG Att,2 FG Made,2 FG Miss,2 FG%,3FG Att,3 FG Made,3 FG Miss,3 FG%,3PA/FGA,FT Att,FT Made,FT Miss,FT%,FTA/FGA,+1,Chg Tkn,Chg Com,GM SCORE,TO%,+1%,Score%,%SF,PTSc,LOW SSQ Made,LOW SSQ Miss,LOW SSQ Att,LOW SSQ % Time,HIGH SSQ Made,HIGH SSQ Miss,HIGH SSQ Att,HIGH SSQ % Time,%FT
Fordham@Saint Joseph's,2/5/2022,1,Chuba Ohams,24:00,12,0.706,12,5,7,41.7%,2,2,1.00,0.00,0,0,1,0,1,0.00,6,4,2,5,4,0.25,-5,41.7%,42.3%,14,-,-,-,12,5,7,41.7%,0,0,0,-,0.00,5,2,3,40.0%,0.42,0,0,0,6.3,11.8%,0.0%,0.0%,0.0%,16,-,-,-,-,-,-,-,-,0.0%
Fordham@Saint Joseph's,2/5/2022,3,Darius Quisenberry,37:00,19,0.792,23,8,15,34.8%,1,0,-,-,2,0,0,0,2,0.00,3,1,2,2,2,0.00,-12,37.0%,39.1%,24,-,-,-,15,7,8,46.7%,8,1,7,12.5%,0.35,3,2,1,66.7%,0.13,1,0,0,8.9,0.0%,4.2%,0.0%,0.0%,22,-,-,-,-,-,-,-,-,0.0%
Fordham@Saint Joseph's,2/5/2022,10,Kyle Rose,35:00,15,1.250,9,6,3,66.7%,1,2,0.50,1.00,2,0,1,0,3,0.00,4,2,2,1,1,1.00,-1,72.2%,72.7%,10,-,-,-,5,5,0,100.0%,4,1,3,25.0%,0.44,3,2,1,66.7%,0.33,0,0,0,13.7,16.7%,0.0%,0.0%,0.0%,19,-,-,-,-,-,-,-,-,0.0%
Fordham@Saint Joseph's,2/5/2022,13,Zach Riley,02:00,0,0.000,0,0,0,-,0,1,0.00,0.00,0,0,0,0,0,-,1,0,1,1,0,-,2,-,-,0,-,-,-,0,0,0,-,0,0,0,-,-,0,0,0,-,-,0,0,0,-0.7,100.0%,0.0%,0.0%,0.0%,0,-,-,-,-,-,-,-,-,0.0%
Fordham@Saint Joseph's,2/5/2022,15,Rostyslav Novitskyi,08:00,2,2.000,1,1,0,100.0%,0,0,-,-,2,0,0,0,2,0.00,4,1,3,2,2,0.00,10,100.0%,100.0%,1,-,-,-,1,1,0,100.0%,0,0,0,-,0.00,0,0,0,-,0.00,0,0,0,4.5,0.0%,0.0%,0.0%,0.0%,2,-,-,-,-,-,-,-,-,0.0%
Fordham@Saint Joseph's,2/5/2022,21,Josh Navarro,27:00,8,0.889,6,2,4,33.3%,0,1,0.00,0.00,0,0,0,0,0,0.00,4,0,4,3,3,0.00,14,33.3%,51.5%,8,-,-,-,4,2,2,50.0%,2,0,2,0.0%,0.33,4,4,0,100.0%,0.67,0,0,0,3.6,11.1%,0.0%,0.0%,0.0%,10,-,-,-,-,-,-,-,-,0.0%
Fordham@Saint Joseph's,2/5/2022,23,Pat Kelly,21:00,5,0.833,6,2,4,33.3%,0,0,-,-,0,0,0,0,0,0.00,3,0,3,0,4,0.00,-3,41.7%,41.7%,6,-,-,-,1,1,0,100.0%,5,1,4,20.0%,0.83,0,0,0,-,0.00,0,0,0,0.9,0.0%,0.0%,0.0%,0.0%,5,-,-,-,-,-,-,-,-,0.0%
Fordham@Saint Joseph's,2/5/2022,24,Antrell Charlton,25:00,2,0.333,4,0,4,0.0%,3,2,1.50,0.50,1,1,1,0,2,0.00,5,1,4,0,4,0.25,-10,0.0%,20.5%,5,-,-,-,2,0,2,0.0%,2,0,2,0.0%,0.50,2,2,0,100.0%,0.50,0,0,0,1.3,33.3%,0.0%,0.0%,0.0%,9,-,-,-,-,-,-,-,-,0.0%
Fordham@Saint Joseph's,2/5/2022,30,Abdou Tsimbila,21:00,6,1.200,4,3,1,75.0%,0,1,0.00,0.00,0,0,0,0,0,0.00,7,4,3,0,1,0.00,-10,75.0%,75.0%,4,-,-,-,4,3,1,75.0%,0,0,0,-,0.00,0,0,0,-,0.00,0,0,0,6.7,20.0%,0.0%,0.0%,0.0%,6,-,-,-,-,-,-,-,-,0.0%
game,date,player #,Player,Min,Pts,PPP,FG Att,FG Made,FG Miss,FG%,Ast,TO,Ast/TO,STL/TO,Stl,Stl Pos,Blk,Blk FGA,STL + BLK,BLK FGA/FGA,Tot Reb,Off Reb,Def Reb,PF TKN,PF COM,BLK/Foul,+/-,eFG%,TS%,TSA,SSQ,PPS,SSM,2 FG Att,2 FG Made,2 FG Miss,2 FG%,3FG Att,3 FG Made,3 FG Miss,3 FG%,3PA/FGA,FT Att,FT Made,FT Miss,FT%,FTA/FGA,+1,Chg Tkn,Chg Com,GM SCORE,TO%,+1%,Score%,%SF,PTSc,LOW SSQ Made,LOW SSQ Miss,LOW SSQ Att,LOW SSQ % Time,HIGH SSQ Made,HIGH SSQ Miss,HIGH SSQ Att,HIGH SSQ % Time,%FT
Fordham@St. Bonaventure,2/8/2022,0,Kam'ron Cunningham,11:00,4,0.667,5,2,3,40.0%,0,1,0.00,1.00,1,0,0,0,1,0.00,2,1,1,1,2,0.00,-5,40.0%,34.0%,6,-,-,-,2,2,0,100.0%,3,0,3,0.0%,0.60,2,0,2,0.0%,0.40,0,0,0,0.7,16.7%,0.0%,0.0%,0.0%,2,-,-,-,-,-,-,-,-,0.0%
Fordham@St. Bonaventure,2/8/2022,1,Chuba Ohams,23:00,6,0.429,10,3,7,30.0%,0,2,0.00,0.00,0,1,0,0,0,0.00,11,2,9,2,1,0.00,-13,30.0%,26.5%,11,-,-,-,10,3,7,30.0%,0,0,0,-,0.00,3,0,3,0.0%,0.30,0,0,0,0.7,14.3%,0.0%,0.0%,0.0%,9,-,-,-,-,-,-,-,-,0.0%
Fordham@St. Bonaventure,2/8/2022,3,Darius Quisenberry,25:00,9,0.818,11,3,8,27.3%,1,0,-,-,1,0,0,0,1,0.00,3,1,2,2,1,0.00,-17,31.8%,37.9%,12,-,-,-,7,2,5,28.6%,4,1,3,25.0%,0.36,2,2,0,100.0%,0.18,0,0,0,5.1,0.0%,0.0%,0.0%,0.0%,12,-,-,-,-,-,-,-,-,0.0%
Fordham@St. Bonaventure,2/8/2022,10,Kyle Rose,25:00,5,0.714,4,1,3,25.0%,1,2,0.50,0.00,0,2,0,0,0,0.00,4,2,2,1,2,0.00,-19,37.5%,51.2%,5,-,-,-,0,0,0,-,4,1,3,25.0%,1.00,2,2,0,100.0%,0.50,0,0,0,2.5,28.6%,0.0%,0.0%,0.0%,8,-,-,-,-,-,-,-,-,0.0%
Fordham@St. Bonaventure,2/8/2022,13,Zach Riley,09:00,0,0.000,2,0,2,0.0%,0,1,0.00,1.00,1,1,0,0,1,0.00,1,1,0,0,0,-,-8,0.0%,0.0%,2,-,-,-,1,0,1,0.0%,1,0,1,0.0%,0.50,0,0,0,-,0.00,0,0,0,-0.7,33.3%,0.0%,0.0%,0.0%,0,-,-,-,-,-,-,-,-,0.0%
Fordham@St. Bonaventure,2/8/2022,14,Albe Evans,01:00,0,-,0,0,0,-,0,0,-,-,0,0,0,0,0,-,0,0,0,0,0,-,0,-,-,0,-,-,-,0,0,0,-,0,0,0,-,-,0,0,0,-,-,0,0,0,0.0,-,-,-,-,0,-,-,-,-,-,-,-,-,-
Fordham@St. Bonaventure,2/8/2022,15,Rostyslav Novitskyi,14:00,0,0.000,0,0,0,-,0,4,0.00,0.00,0,1,1,0,1,-,1,0,1,0,1,1.00,-9,-,-,0,-,-,-,0,0,0,-,0,0,0,-,-,0,0,0,-,-,0,0,0,-3.4,100.0%,0.0%,0.0%,0.0%,0,-,-,-,-,-,-,-,-,0.0%
Fordham@St. Bonaventure,2/8/2022,21,Josh Navarro,33:00,6,0.462,12,2,10,16.7%,3,1,3.00,0.00,0,0,0,0,0,0.00,2,1,1,1,0,-,-15,25.0%,25.0%,12,-,-,-,0,0,0,-,12,2,10,16.7%,1.00,0,0,0,-,0.00,0,0,0,0.5,7.7%,0.0%,0.0%,0.0%,13,-,-,-,-,-,-,-,-,0.0%
Fordham@St. Bonaventure,2/8/2022,23,Pat Kelly,13:00,3,1.500,2,1,1,50.0%,1,0,-,-,0,0,1,0,1,0.00,2,1,1,0,0,-,1,75.0%,75.0%,2,-,-,-,0,0,0,-,2,1,1,50.0%,1.00,0,0,0,-,0.00,0,0,0,4.4,0.0%,0.0%,0.0%,0.0%,6,-,-,-,-,-,-,-,-,0.0%
Fordham@St. Bonaventure,2/8/2022,24,Antrell Charlton,31:00,14,0.933,10,5,5,50.0%,3,3,1.00,0.67,2,2,0,0,2,0.00,6,1,5,2,2,0.00,-24,60.0%,59.5%,12,-,-,-,4,3,1,75.0%,6,2,4,33.3%,0.60,4,2,2,50.0%,0.40,0,0,0,10.7,20.0%,0.0%,0.0%,0.0%,24,-,-,-,-,-,-,-,-,0.0%
Fordham@St. Bonaventure,2/8/2022,30,Abdou Tsimbila,15:00,4,0.667,4,2,2,50.0%,0,0,-,-,0,0,0,0,0,0.00,3,2,1,1,2,0.00,-16,50.0%,41.0%,5,-,-,-,4,2,2,50.0%,0,0,0,-,0.00,2,0,2,0.0%,0.50,0,0,0,2.1,0.0%,0.0%,0.0%,0.0%,4,-,-,-,-,-,-,-,-,0.0%
game,date,player #,Player,Min,Pts,PPP,FG Att,FG Made,FG Miss,FG%,Ast,TO,Ast/TO,STL/TO,Stl,Stl Pos,Blk,Blk FGA,STL + BLK,BLK FGA/FGA,Tot Reb,Off Reb,Def Reb,PF TKN,PF COM,BLK/Foul,+/-,eFG%,TS%,TSA,SSQ,PPS,SSM,2 FG Att,2 FG Made,2 FG Miss,2 FG%,3FG Att,3 FG Made,3 FG Miss,3 FG%,3PA/FGA,FT Att,FT Made,FT Miss,FT%,FTA/FGA,+1,Chg Tkn,Chg Com,GM SCORE,TO%,+1%,Score%,%SF,PTSc,LOW SSQ Made,LOW SSQ Miss,LOW SSQ Att,LOW SSQ % Time,HIGH SSQ Made,HIGH SSQ Miss,HIGH SSQ Att,HIGH SSQ % Time,%FT
Fordham@Duquesne,2/12/2022,0,Kam'ron Cunningham,04:00,0,-,0,0,0,-,0,0,-,-,0,0,0,0,0,-,0,0,0,0,1,0.00,-1,-,-,0,-,-,-,0,0,0,-,0,0,0,-,-,0,0,0,-,-,0,0,0,-0.4,-,-,-,-,0,-,-,-,-,-,-,-,-,-
Fordham@Duquesne,2/12/2022,1,Chuba Ohams,34:00,18,0.900,16,8,8,50.0%,1,3,0.33,0.00,0,2,1,0,1,0.00,14,6,8,2,1,1.00,10,50.0%,52.0%,17,-,-,-,16,8,8,50.0%,0,0,0,-,0.00,3,2,1,66.7%,0.19,1,0,0,14.2,15.0%,5.0%,0.0%,0.0%,21,-,-,-,-,-,-,-,-,0.0%
Fordham@Duquesne,2/12/2022,10,Kyle Rose,36:00,10,0.909,9,3,6,33.3%,5,1,5.00,3.00,3,1,1,0,4,0.00,6,1,5,2,2,0.50,10,44.4%,50.6%,10,-,-,-,4,1,3,25.0%,5,2,3,40.0%,0.56,2,2,0,100.0%,0.22,0,0,0,12.5,9.1%,0.0%,0.0%,0.0%,24,-,-,-,-,-,-,-,-,0.0%
Fordham@Duquesne,2/12/2022,15,Rostyslav Novitskyi,11:00,2,0.667,2,1,1,50.0%,1,1,1.00,0.00,0,1,0,0,0,0.00,2,1,1,1,3,0.00,4,50.0%,50.0%,2,-,-,-,2,1,1,50.0%,0,0,0,-,0.00,0,0,0,-,0.00,0,0,0,0.5,33.3%,0.0%,0.0%,0.0%,4,-,-,-,-,-,-,-,-,0.0%
Fordham@Duquesne,2/12/2022,21,Josh Navarro,36:00,15,0.833,9,4,5,44.4%,2,6,0.33,0.00,0,4,0,0,0,0.00,5,1,4,4,1,0.00,8,61.1%,69.7%,11,-,-,-,2,1,1,50.0%,7,3,4,42.9%,0.78,4,4,0,100.0%,0.44,0,0,0,7.2,33.3%,0.0%,0.0%,0.0%,21,-,-,-,-,-,-,-,-,0.0%
Fordham@Duquesne,2/12/2022,23,Pat Kelly,18:00,5,1.000,5,2,3,40.0%,0,0,-,-,0,0,0,0,0,0.00,4,2,2,0,0,-,12,50.0%,50.0%,5,-,-,-,2,1,1,50.0%,3,1,2,33.3%,0.60,0,0,0,-,0.00,0,0,0,4.3,0.0%,0.0%,0.0%,0.0%,5,-,-,-,-,-,-,-,-,0.0%
Fordham@Duquesne,2/12/2022,24,Antrell Charlton,38:00,11,0.647,14,5,9,35.7%,6,4,1.50,0.50,2,0,0,0,2,0.00,6,1,5,2,3,0.00,16,39.3%,39.3%,14,-,-,-,12,4,8,33.3%,2,1,1,50.0%,0.14,0,0,0,-,0.00,0,0,0,6.4,23.5%,0.0%,0.0%,0.0%,29,-,-,-,-,-,-,-,-,0.0%
Fordham@Duquesne,2/12/2022,30,Abdou Tsimbila,14:00,4,0.800,5,2,3,40.0%,0,0,-,-,0,0,1,0,1,0.00,8,3,5,1,3,0.33,-2,40.0%,40.0%,5,-,-,-,5,2,3,40.0%,0,0,0,-,0.00,0,0,0,-,0.00,0,0,0,4.4,0.0%,0.0%,0.0%,0.0%,6,-,-,-,-,-,-,-,-,0.0%
Fordham@Duquesne,2/12/2022,50,Ahmad Harrison,09:00,0,0.000,1,0,1,0.0%,1,0,-,-,0,0,0,0,0,0.00,0,0,0,0,2,0.00,-2,0.0%,0.0%,1,-,-,-,1,0,1,0.0%,0,0,0,-,0.00,0,0,0,-,0.00,0,0,0,-0.8,0.0%,0.0%,0.0%,0.0%,3,-,-,-,-,-,-,-,-,0.0%
game,date,player #,Player,Min,Pts,PPP,FG Att,FG Made,FG Miss,FG%,Ast,TO,Ast/TO,STL/TO,Stl,Stl Pos,Blk,Blk FGA,STL + BLK,BLK FGA/FGA,Tot Reb,Off Reb,Def Reb,PF TKN,PF COM,BLK/Foul,+/-,eFG%,TS%,TSA,SSQ,PPS,SSM,2 FG Att,2 FG Made,2 FG Miss,2 FG%,3FG Att,3 FG Made,3 FG Miss,3 FG%,3PA/FGA,FT Att,FT Made,FT Miss,FT%,FTA/FGA,+1,Chg Tkn,Chg Com,GM SCORE,TO%,+1%,Score%,%SF,PTSc,LOW SSQ Made,LOW SSQ Miss,LOW SSQ Att,LOW SSQ % Time,HIGH SSQ Made,HIGH SSQ Miss,HIGH SSQ Att,HIGH SSQ % Time,%FT
VCU@Fordham,2/15/2022,0,Kam'ron Cunningham,02:00,0,0.000,1,0,1,0.0%,0,1,0.00,0.00,0,0,0,0,0,0.00,1,1,0,0,1,0.00,-2,0.0%,0.0%,1,-,-,-,0,0,0,-,1,0,1,0.0%,1.00,0,0,0,-,0.00,0,0,0,-1.4,33.3%,0.0%,0.0%,0.0%,0,-,-,-,-,-,-,-,-,0.0%
VCU@Fordham,2/15/2022,1,Chuba Ohams,30:00,14,0.737,10,5,5,50.0%,1,6,0.17,0.17,1,3,2,0,3,0.00,12,4,8,5,4,0.50,4,50.0%,51.8%,14,-,-,-,10,5,5,50.0%,0,0,0,-,0.00,8,4,4,50.0%,0.80,0,0,0,8.1,31.6%,0.0%,0.0%,0.0%,16,-,-,-,-,-,-,-,-,0.0%
VCU@Fordham,2/15/2022,10,Kyle Rose,33:00,12,0.857,8,3,5,37.5%,1,3,0.33,0.67,2,3,1,0,3,0.00,2,1,1,4,1,1.00,-4,50.0%,61.5%,10,-,-,-,1,1,0,100.0%,7,2,5,28.6%,0.88,4,4,0,100.0%,0.50,0,0,0,8.6,21.4%,0.0%,0.0%,0.0%,15,-,-,-,-,-,-,-,-,0.0%
VCU@Fordham,2/15/2022,13,Zach Riley,20:00,2,0.500,4,1,3,25.0%,2,0,-,-,2,0,0,0,2,0.00,4,1,3,0,2,0.00,8,25.0%,25.0%,4,-,-,-,2,1,1,50.0%,2,0,2,0.0%,0.50,0,0,0,-,0.00,0,0,0,3.8,0.0%,0.0%,0.0%,0.0%,7,-,-,-,-,-,-,-,-,0.0%
VCU@Fordham,2/15/2022,15,Rostyslav Novitskyi,04:00,0,-,0,0,0,-,1,0,-,-,0,0,1,0,1,-,0,0,0,1,0,-,0,-,-,0,-,-,-,0,0,0,-,0,0,0,-,-,0,0,0,-,-,0,0,0,1.4,-,-,-,-,2,-,-,-,-,-,-,-,-,-
VCU@Fordham,2/15/2022,21,Josh Navarro,34:00,20,1.111,13,5,8,38.5%,0,2,0.00,1.00,2,2,0,0,2,0.00,2,0,2,4,2,0.00,-8,42.3%,59.0%,17,-,-,-,8,4,4,50.0%,5,1,4,20.0%,0.38,9,9,0,100.0%,0.69,1,0,0,12.7,11.1%,5.6%,0.0%,0.0%,23,-,-,-,-,-,-,-,-,0.0%
VCU@Fordham,2/15/2022,23,Pat Kelly,18:00,5,0.714,7,2,5,28.6%,1,0,-,-,0,0,0,0,0,0.00,1,0,1,0,0,-,-6,35.7%,35.7%,7,-,-,-,1,1,0,100.0%,6,1,5,16.7%,0.86,0,0,0,-,0.00,0,0,0,1.9,0.0%,0.0%,0.0%,0.0%,8,-,-,-,-,-,-,-,-,0.0%
VCU@Fordham,2/15/2022,24,Antrell Charlton,28:00,1,0.143,5,0,5,0.0%,2,1,2.00,1.00,1,0,0,0,1,0.00,3,1,2,1,5,0.00,2,0.0%,8.5%,6,-,-,-,3,0,3,0.0%,2,0,2,0.0%,0.40,2,1,1,50.0%,0.40,0,0,0,-2.2,14.3%,0.0%,0.0%,0.0%,8,-,-,-,-,-,-,-,-,0.0%
VCU@Fordham,2/15/2022,30,Abdou Tsimbila,12:00,3,0.750,3,1,2,33.3%,0,0,-,-,0,0,1,0,1,0.00,2,2,0,1,1,1.00,-6,33.3%,38.7%,4,-,-,-,3,1,2,33.3%,0,0,0,-,0.00,2,1,1,50.0%,0.67,0,0,0,2.6,0.0%,0.0%,0.0%,0.0%,3,-,-,-,-,-,-,-,-,0.0%
VCU@Fordham,2/15/2022,50,Ahmad Harrison,20:00,4,0.571,4,1,3,25.0%,1,3,0.33,0.33,1,0,0,0,1,0.00,4,0,4,1,3,0.00,-3,25.0%,41.0%,5,-,-,-,3,1,2,33.3%,1,0,1,0.0%,0.25,2,2,0,100.0%,0.50,0,0,0,0.3,42.9%,0.0%,0.0%,0.0%,6,-,-,-,-,-,-,-,-,0.0%
game,date,player #,Player,Min,Pts,PPP,FG Att,FG Made,FG Miss,FG%,Ast,TO,Ast/TO,STL/TO,Stl,Stl Pos,Blk,Blk FGA,STL + BLK,BLK FGA/FGA,Tot Reb,Off Reb,Def Reb,PF TKN,PF COM,BLK/Foul,+/-,eFG%,TS%,TSA,SSQ,PPS,SSM,2 FG Att,2 FG Made,2 FG Miss,2 FG%,3FG Att,3 FG Made,3 FG Miss,3 FG%,3PA/FGA,FT Att,FT Made,FT Miss,FT%,FTA/FGA,+1,Chg Tkn,Chg Com,GM SCORE,TO%,+1%,Score%,%SF,PTSc,LOW SSQ Made,LOW SSQ Miss,LOW SSQ Att,LOW SSQ % Time,HIGH SSQ Made,HIGH SSQ Miss,HIGH SSQ Att,HIGH SSQ % Time,%FT
George Mason@Fordham,2/20/2022,1,Chuba Ohams,34:00,17,0.810,13,8,5,61.5%,0,6,0.00,0.33,2,5,3,0,5,0.00,12,2,10,4,1,3.00,0,61.5%,57.6%,15,-,-,-,13,8,5,61.5%,0,0,0,-,0.00,4,1,3,25.0%,0.31,0,0,0,12.0,28.6%,0.0%,0.0%,0.0%,21,-,-,-,-,-,-,-,-,0.0%
George Mason@Fordham,2/20/2022,10,Kyle Rose,26:00,9,1.286,7,3,4,42.9%,2,0,-,-,0,0,0,0,0,0.00,3,0,3,0,3,0.00,6,64.3%,64.3%,7,-,-,-,0,0,0,-,7,3,4,42.9%,1.00,0,0,0,-,0.00,0,0,0,6.4,0.0%,0.0%,0.0%,0.0%,14,-,-,-,-,-,-,-,-,0.0%
George Mason@Fordham,2/20/2022,13,Zach Riley,15:00,0,0.000,2,0,2,0.0%,0,2,0.00,0.50,1,0,0,0,1,0.00,1,0,1,1,2,0.00,6,0.0%,0.0%,2,-,-,-,1,0,1,0.0%,1,0,1,0.0%,0.50,1,0,1,0.0%,0.50,0,0,0,-3.3,40.0%,0.0%,0.0%,0.0%,0,-,-,-,-,-,-,-,-,0.0%
George Mason@Fordham,2/20/2022,15,Rostyslav Novitskyi,12:00,3,1.000,2,1,1,50.0%,0,1,0.00,1.00,1,0,0,0,1,0.00,1,0,1,0,2,0.00,2,75.0%,75.0%,2,-,-,-,0,0,0,-,2,1,1,50.0%,1.00,0,0,0,-,0.00,0,0,0,1.5,33.3%,0.0%,0.0%,0.0%,3,-,-,-,-,-,-,-,-,0.0%
George Mason@Fordham,2/20/2022,21,Josh Navarro,35:00,5,0.417,10,2,8,20.0%,1,2,0.50,0.50,1,0,0,0,1,0.00,1,1,0,3,3,0.00,6,25.0%,23.9%,10,-,-,-,3,1,2,33.3%,7,1,6,14.3%,0.70,1,0,1,0.0%,0.10,0,0,0,-2.4,16.7%,0.0%,0.0%,0.0%,8,-,-,-,-,-,-,-,-,0.0%
George Mason@Fordham,2/20/2022,23,Pat Kelly,16:00,6,2.000,3,2,1,66.7%,1,0,-,-,0,0,0,0,0,0.00,2,0,2,0,2,0.00,4,100.0%,100.0%,3,-,-,-,0,0,0,-,3,2,1,66.7%,1.00,0,0,0,-,0.00,0,0,0,5.2,0.0%,0.0%,0.0%,0.0%,9,-,-,-,-,-,-,-,-,0.0%
George Mason@Fordham,2/20/2022,24,Antrell Charlton,40:00,6,0.600,6,2,4,33.3%,6,1,6.00,3.00,3,1,0,0,3,0.00,6,2,4,4,1,0.00,6,41.7%,41.0%,7,-,-,-,2,1,1,50.0%,4,1,3,25.0%,0.67,3,1,2,33.3%,0.50,0,0,0,10.2,10.0%,0.0%,0.0%,0.0%,24,-,-,-,-,-,-,-,-,0.0%
George Mason@Fordham,2/20/2022,30,Abdou Tsimbila,14:00,4,0.667,5,2,3,40.0%,0,1,0.00,0.00,0,0,1,0,1,0.00,6,3,3,0,0,-,0,40.0%,40.0%,5,-,-,-,5,2,3,40.0%,0,0,0,-,0.00,0,0,0,-,0.00,0,0,0,4.0,16.7%,0.0%,0.0%,0.0%,4,-,-,-,-,-,-,-,-,0.0%
George Mason@Fordham,2/20/2022,50,Ahmad Harrison,09:00,0,0.000,2,0,2,0.0%,1,0,-,-,0,0,0,0,0,0.00,3,0,3,0,0,-,0,0.0%,0.0%,2,-,-,-,2,0,2,0.0%,0,0,0,-,0.00,0,0,0,-,0.00,0,0,0,0.2,0.0%,0.0%,0.0%,0.0%,3,-,-,-,-,-,-,-,-,0.0%
game,date,player #,Player,Min,Pts,PPP,FG Att,FG Made,FG Miss,FG%,Ast,TO,Ast/TO,STL/TO,Stl,Stl Pos,Blk,Blk FGA,STL + BLK,BLK FGA/FGA,Tot Reb,Off Reb,Def Reb,PF TKN,PF COM,BLK/Foul,+/-,eFG%,TS%,TSA,SSQ,PPS,SSM,2 FG Att,2 FG Made,2 FG Miss,2 FG%,3FG Att,3 FG Made,3 FG Miss,3 FG%,3PA/FGA,FT Att,FT Made,FT Miss,FT%,FTA/FGA,+1,Chg Tkn,Chg Com,GM SCORE,TO%,+1%,Score%,%SF,PTSc,LOW SSQ Made,LOW SSQ Miss,LOW SSQ Att,LOW SSQ % Time,HIGH SSQ Made,HIGH SSQ Miss,HIGH SSQ Att,HIGH SSQ % Time,%FT
La Salle@Fordham,2/23/2022,1,Chuba Ohams,34:00,20,1.000,14,7,7,50.0%,0,3,0.00,1.00,3,2,1,0,4,0.00,13,1,12,5,1,1.00,5,53.6%,60.1%,17,-,-,-,13,6,7,46.2%,1,1,0,100.0%,0.07,6,5,1,83.3%,0.43,0,0,0,17.2,15.0%,0.0%,0.0%,0.0%,20,-,-,-,-,-,-,-,-,0.0%
La Salle@Fordham,2/23/2022,10,Kyle Rose,34:00,10,0.909,8,3,5,37.5%,0,2,0.00,0.00,0,1,0,0,0,0.00,5,1,4,2,1,0.00,7,43.8%,53.6%,9,-,-,-,3,2,1,66.7%,5,1,4,20.0%,0.63,3,3,0,100.0%,0.38,1,0,0,5.1,18.2%,9.1%,0.0%,0.0%,10,-,-,-,-,-,-,-,-,0.0%
La Salle@Fordham,2/23/2022,13,Zach Riley,11:00,0,0.000,1,0,1,0.0%,1,1,1.00,0.00,0,0,0,0,0,0.00,1,1,0,0,3,0.00,1,0.0%,0.0%,1,-,-,-,1,0,1,0.0%,0,0,0,-,0.00,0,0,0,-,0.00,0,0,0,-1.5,50.0%,0.0%,0.0%,0.0%,2,-,-,-,-,-,-,-,-,0.0%
La Salle@Fordham,2/23/2022,15,Rostyslav Novitskyi,14:00,2,0.400,3,1,2,33.3%,1,2,0.50,0.00,0,1,0,0,0,0.00,4,1,3,1,2,0.00,-2,33.3%,33.3%,3,-,-,-,2,1,1,50.0%,1,0,1,0.0%,0.33,0,0,0,-,0.00,0,0,0,-0.2,40.0%,0.0%,0.0%,0.0%,5,-,-,-,-,-,-,-,-,0.0%
La Salle@Fordham,2/23/2022,21,Josh Navarro,35:00,15,0.833,16,5,11,31.3%,0,1,0.00,1.00,1,1,0,0,1,0.00,1,0,1,2,4,0.00,6,40.6%,44.4%,17,-,-,-,6,2,4,33.3%,10,3,7,30.0%,0.63,2,2,0,100.0%,0.13,0,0,0,4.5,5.6%,0.0%,0.0%,0.0%,19,-,-,-,-,-,-,-,-,0.0%
La Salle@Fordham,2/23/2022,23,Pat Kelly,15:00,3,1.500,2,1,1,50.0%,0,0,-,-,1,0,0,0,1,0.00,0,0,0,0,2,0.00,11,75.0%,75.0%,2,-,-,-,0,0,0,-,2,1,1,50.0%,1.00,0,0,0,-,0.00,0,0,0,2.2,0.0%,0.0%,0.0%,0.0%,3,-,-,-,-,-,-,-,-,0.0%
La Salle@Fordham,2/23/2022,24,Antrell Charlton,37:00,6,0.545,9,3,6,33.3%,10,2,5.00,1.00,2,1,0,0,2,0.00,6,0,6,2,1,0.00,-1,33.3%,33.3%,9,-,-,-,5,3,2,60.0%,4,0,4,0.0%,0.44,0,0,0,-,0.00,0,0,0,9.3,18.2%,0.0%,0.0%,0.0%,31,-,-,-,-,-,-,-,-,0.0%
La Salle@Fordham,2/23/2022,30,Abdou Tsimbila,15:00,4,0.667,6,2,4,33.3%,0,0,-,-,0,0,1,0,1,0.00,5,4,1,0,2,0.50,0,33.3%,33.3%,6,-,-,-,6,2,4,33.3%,0,0,0,-,0.00,0,0,0,-,0.00,0,0,0,3.6,0.0%,0.0%,0.0%,0.0%,4,-,-,-,-,-,-,-,-,0.0%
La Salle@Fordham,2/23/2022,50,Ahmad Harrison,03:00,0,-,0,0,0,-,0,0,-,-,0,0,0,0,0,-,0,0,0,0,0,-,3,-,-,0,-,-,-,0,0,0,-,0,0,0,-,-,0,0,0,-,-,0,0,0,0.0,-,-,-,-,0,-,-,-,-,-,-,-,-,-
game,date,player #,Player,Min,Pts,PPP,FG Att,FG Made,FG Miss,FG%,Ast,TO,Ast/TO,STL/TO,Stl,Stl Pos,Blk,Blk FGA,STL + BLK,BLK FGA/FGA,Tot Reb,Off Reb,Def Reb,PF TKN,PF COM,BLK/Foul,+/-,eFG%,TS%,TSA,SSQ,PPS,SSM,2 FG Att,2 FG Made,2 FG Miss,2 FG%,3FG Att,3 FG Made,3 FG Miss,3 FG%,3PA/FGA,FT Att,FT Made,FT Miss,FT%,FTA/FGA,+1,Chg Tkn,Chg Com,GM SCORE,TO%,+1%,Score%,%SF,PTSc,LOW SSQ Made,LOW SSQ Miss,LOW SSQ Att,LOW SSQ % Time,HIGH SSQ Made,HIGH SSQ Miss,HIGH SSQ Att,HIGH SSQ % Time,%FT
Fordham vs Davidson,2/26/2022,1,Chuba Ohams,27:00,15,0.750,11,4,7,36.4%,1,6,0.17,0.17,1,1,0,0,1,0.00,10,2,8,7,4,0.00,-16,36.4%,48.7%,15,-,-,-,9,4,5,44.4%,2,0,2,0.0%,0.18,10,7,3,70.0%,0.91,1,0,0,5.6,30.0%,5.0%,0.0%,0.0%,18,-,-,-,-,-,-,-,-,0.0%
Fordham vs Davidson,2/26/2022,10,Kyle Rose,34:00,6,0.500,7,2,5,28.6%,0,5,0.00,0.00,0,2,0,0,0,0.00,1,0,1,0,4,0.00,-29,42.9%,42.9%,7,-,-,-,0,0,0,-,7,2,5,28.6%,1.00,0,0,0,-,0.00,0,0,0,-4.4,41.7%,0.0%,0.0%,0.0%,8,-,-,-,-,-,-,-,-,0.0%
Fordham vs Davidson,2/26/2022,13,Zach Riley,19:00,3,0.600,4,1,3,25.0%,1,1,1.00,0.00,0,0,0,0,0,0.00,1,0,1,1,3,0.00,-3,25.0%,33.8%,4,-,-,-,1,1,0,100.0%,3,0,3,0.0%,0.75,1,1,0,100.0%,0.25,1,0,0,-0.6,20.0%,20.0%,0.0%,0.0%,6,-,-,-,-,-,-,-,-,0.0%
Fordham vs Davidson,2/26/2022,14,Albe Evans,05:00,3,1.500,2,1,1,50.0%,0,1,0.00,0.00,0,0,0,0,0,0.00,1,0,1,0,1,0.00,9,75.0%,75.0%,2,-,-,-,0,0,0,-,2,1,1,50.0%,1.00,0,0,0,-,0.00,0,0,0,0.9,50.0%,0.0%,0.0%,0.0%,3,-,-,-,-,-,-,-,-,0.0%
Fordham vs Davidson,2/26/2022,15,Rostyslav Novitskyi,08:00,2,1.000,0,0,0,-,0,1,0.00,0.00,0,1,0,0,0,-,4,1,3,1,2,0.00,-5,-,113.6%,1,-,-,-,0,0,0,-,0,0,0,-,-,2,2,0,100.0%,-,0,0,0,1.8,50.0%,0.0%,0.0%,0.0%,2,-,-,-,-,-,-,-,-,0.0%
Fordham vs Davidson,2/26/2022,21,Josh Navarro,34:00,6,0.500,9,1,8,11.1%,1,1,1.00,3.00,3,1,0,0,3,0.00,0,0,0,4,2,0.00,-11,16.7%,26.8%,11,-,-,-,2,0,2,0.0%,7,1,6,14.3%,0.78,5,3,2,60.0%,0.56,0,0,0,1.2,8.3%,0.0%,0.0%,0.0%,11,-,-,-,-,-,-,-,-,0.0%
Fordham vs Davidson,2/26/2022,23,Pat Kelly,21:00,0,0.000,5,0,5,0.0%,0,1,0.00,0.00,0,0,0,0,0,0.00,8,3,5,0,3,0.00,-9,0.0%,0.0%,5,-,-,-,0,0,0,-,5,0,5,0.0%,1.00,0,0,0,-,0.00,0,0,0,-2.1,16.7%,0.0%,0.0%,0.0%,0,-,-,-,-,-,-,-,-,0.0%
Fordham vs Davidson,2/26/2022,24,Antrell Charlton,34:00,6,0.667,6,2,4,33.3%,1,2,0.50,0.50,1,1,0,0,1,0.00,7,0,7,1,3,0.00,-24,33.3%,43.6%,7,-,-,-,3,2,1,66.7%,3,0,3,0.0%,0.50,2,2,0,100.0%,0.33,0,0,0,3.2,22.2%,0.0%,0.0%,0.0%,11,-,-,-,-,-,-,-,-,0.0%
Fordham vs Davidson,2/26/2022,30,Abdou Tsimbila,16:00,4,0.667,4,1,3,25.0%,0,1,0.00,0.00,0,0,0,0,0,0.00,3,1,2,2,4,0.00,-15,25.0%,41.0%,5,-,-,-,4,1,3,25.0%,0,0,0,-,0.00,2,2,0,100.0%,0.50,0,0,0,0.3,16.7%,0.0%,0.0%,0.0%,4,-,-,-,-,-,-,-,-,0.0%
Fordham vs Davidson,2/26/2022,50,Ahmad Harrison,02:00,0,0.000,1,0,1,0.0%,0,1,0.00,1.00,1,0,0,0,1,0.00,0,0,0,0,0,-,-2,0.0%,0.0%,1,-,-,-,0,0,0,-,1,0,1,0.0%,1.00,0,0,0,-,0.00,0,0,0,-1.7,50.0%,0.0%,0.0%,0.0%,0,-,-,-,-,-,-,-,-,0.0%
game,date,player #,Player,Min,Pts,PPP,FG Att,FG Made,FG Miss,FG%,Ast,TO,Ast/TO,STL/TO,Stl,Stl Pos,Blk,Blk FGA,STL + BLK,BLK FGA/FGA,Tot Reb,Off Reb,Def Reb,PF TKN,PF COM,BLK/Foul,+/-,eFG%,TS%,TSA,SSQ,PPS,SSM,2 FG Att,2 FG Made,2 FG Miss,2 FG%,3FG Att,3 FG Made,3 FG Miss,3 FG%,3PA/FGA,FT Att,FT Made,FT Miss,FT%,FTA/FGA,+1,Chg Tkn,Chg Com,GM SCORE,TO%,+1%,Score%,%SF,PTSc,LOW SSQ Made,LOW SSQ Miss,LOW SSQ Att,LOW SSQ % Time,HIGH SSQ Made,HIGH SSQ Miss,HIGH SSQ Att,HIGH SSQ % Time,%FT
Massachusetts@Fordham,2/28/2022,1,Chuba Ohams,37:00,23,1.150,17,10,7,58.8%,5,2,2.50,0.00,0,0,0,0,0,0.00,11,4,7,5,1,0.00,5,58.8%,61.3%,19,-,-,-,17,10,7,58.8%,0,0,0,-,0.00,4,3,1,75.0%,0.24,2,0,0,20.7,10.0%,10.0%,0.0%,0.0%,42,-,-,-,-,-,-,-,-,0.0%
Massachusetts@Fordham,2/28/2022,3,Darius Quisenberry,26:00,8,0.615,11,3,8,27.3%,0,1,0.00,2.00,2,0,0,0,2,0.00,2,1,1,2,0,-,-2,27.3%,31.3%,13,-,-,-,8,3,5,37.5%,3,0,3,0.0%,0.27,4,2,2,50.0%,0.36,0,0,0,2.7,7.7%,0.0%,0.0%,0.0%,8,-,-,-,-,-,-,-,-,0.0%
Massachusetts@Fordham,2/28/2022,10,Kyle Rose,37:00,5,0.556,4,1,3,25.0%,1,3,0.33,0.67,2,2,0,0,2,0.00,4,1,3,2,2,0.00,2,37.5%,51.2%,5,-,-,-,1,0,1,0.0%,3,1,2,33.3%,0.75,2,2,0,100.0%,0.50,0,0,0,3.1,33.3%,0.0%,0.0%,0.0%,8,-,-,-,-,-,-,-,-,0.0%
Massachusetts@Fordham,2/28/2022,13,Zach Riley,04:00,5,1.250,3,2,1,66.7%,0,0,-,-,0,0,0,0,0,0.00,0,0,0,1,0,-,-1,83.3%,72.7%,3,-,-,-,2,1,1,50.0%,1,1,0,100.0%,0.33,1,0,1,0.0%,0.33,0,0,0,3.3,0.0%,0.0%,0.0%,0.0%,5,-,-,-,-,-,-,-,-,0.0%
Massachusetts@Fordham,2/28/2022,15,Rostyslav Novitskyi,13:00,10,2.000,4,4,0,100.0%,0,1,0.00,2.00,2,1,1,0,3,0.00,2,1,1,1,3,0.33,9,125.0%,125.0%,4,-,-,-,2,2,0,100.0%,2,2,0,100.0%,0.50,0,0,0,-,0.00,0,0,0,10.3,20.0%,0.0%,0.0%,0.0%,10,-,-,-,-,-,-,-,-,0.0%
Massachusetts@Fordham,2/28/2022,21,Josh Navarro,30:00,14,1.400,8,3,5,37.5%,3,1,3.00,0.00,0,0,0,0,0,0.00,2,1,1,2,2,0.00,14,56.3%,68.6%,10,-,-,-,4,0,4,0.0%,4,3,1,75.0%,0.50,5,5,0,100.0%,0.63,0,0,0,10.9,10.0%,0.0%,0.0%,0.0%,23,-,-,-,-,-,-,-,-,0.0%
Massachusetts@Fordham,2/28/2022,23,Pat Kelly,09:00,6,1.500,4,2,2,50.0%,0,0,-,-,1,0,0,0,1,0.00,1,1,0,0,1,0.00,14,75.0%,75.0%,4,-,-,-,1,0,1,0.0%,3,2,1,66.7%,0.75,0,0,0,-,0.00,0,0,0,5.3,0.0%,0.0%,0.0%,0.0%,6,-,-,-,-,-,-,-,-,0.0%
Massachusetts@Fordham,2/28/2022,24,Antrell Charlton,33:00,8,0.667,7,3,4,42.9%,6,4,1.50,0.75,3,1,0,0,3,0.00,7,1,6,0,1,0.00,6,57.1%,57.1%,7,-,-,-,4,1,3,25.0%,3,2,1,66.7%,0.43,0,0,0,-,0.00,0,0,0,9.6,33.3%,0.0%,0.0%,0.0%,20,-,-,-,-,-,-,-,-,0.0%
Massachusetts@Fordham,2/28/2022,30,Abdou Tsimbila,12:00,6,1.000,5,3,2,60.0%,0,1,0.00,0.00,0,0,1,0,1,0.00,5,3,2,1,2,0.50,3,60.0%,60.0%,5,-,-,-,5,3,2,60.0%,0,0,0,-,0.00,0,0,0,-,0.00,0,0,0,5.3,16.7%,0.0%,0.0%,0.0%,6,-,-,-,-,-,-,-,-,0.0%
game,date,player #,Player,Min,Pts,PPP,FG Att,FG Made,FG Miss,FG%,Ast,TO,Ast/TO,STL/TO,Stl,Stl Pos,Blk,Blk FGA,STL + BLK,BLK FGA/FGA,Tot Reb,Off Reb,Def Reb,PF TKN,PF COM,BLK/Foul,+/-,eFG%,TS%,TSA,SSQ,PPS,SSM,2 FG Att,2 FG Made,2 FG Miss,2 FG%,3FG Att,3 FG Made,3 FG Miss,3 FG%,3PA/FGA,FT Att,FT Made,FT Miss,FT%,FTA/FGA,+1,Chg Tkn,Chg Com,GM SCORE,TO%,+1%,Score%,%SF,PTSc,LOW SSQ Made,LOW SSQ Miss,LOW SSQ Att,LOW SSQ % Time,HIGH SSQ Made,HIGH SSQ Miss,HIGH SSQ Att,HIGH SSQ % Time,%FT
Fordham@Massachusetts,3/2/2022,1,Chuba Ohams,35:00,14,0.875,11,4,7,36.4%,5,0,-,-,1,1,2,0,3,0.00,12,2,10,5,3,0.67,-8,36.4%,51.3%,14,-,-,-,11,4,7,36.4%,0,0,0,-,0.00,6,6,0,100.0%,0.55,0,0,0,17.0,0.0%,0.0%,0.0%,0.0%,29,-,-,-,-,-,-,-,-,0.0%
Fordham@Massachusetts,3/2/2022,3,Darius Quisenberry,31:00,15,0.714,13,4,9,30.8%,2,5,0.40,0.40,2,2,0,0,2,0.00,3,0,3,5,3,0.00,-7,34.6%,46.6%,16,-,-,-,5,3,2,60.0%,8,1,7,12.5%,0.62,7,6,1,85.7%,0.54,1,0,0,5.2,23.8%,4.8%,0.0%,0.0%,20,-,-,-,-,-,-,-,-,0.0%
Fordham@Massachusetts,3/2/2022,10,Kyle Rose,32:00,7,0.700,8,2,6,25.0%,1,1,1.00,0.00,0,0,0,0,0,0.00,4,3,1,1,3,0.00,-2,31.3%,39.4%,9,-,-,-,2,1,1,50.0%,6,1,5,16.7%,0.75,2,2,0,100.0%,0.25,0,0,0,3.1,10.0%,0.0%,0.0%,0.0%,13,-,-,-,-,-,-,-,-,0.0%
Fordham@Massachusetts,3/2/2022,13,Zach Riley,17:00,8,1.600,4,3,1,75.0%,0,2,0.00,0.00,0,1,0,0,0,0.00,1,1,0,0,1,0.00,-15,100.0%,100.0%,4,-,-,-,1,1,0,100.0%,3,2,1,66.7%,0.75,0,0,0,-,0.00,0,0,0,4.7,40.0%,0.0%,0.0%,0.0%,8,-,-,-,-,-,-,-,-,0.0%
Fordham@Massachusetts,3/2/2022,15,Rostyslav Novitskyi,04:00,0,0.000,0,0,0,-,1,2,0.50,0.00,0,0,1,0,1,-,1,1,0,0,3,0.33,-3,-,-,0,-,-,-,0,0,0,-,0,0,0,-,-,0,0,0,-,-,0,0,0,-1.1,100.0%,0.0%,0.0%,0.0%,3,-,-,-,-,-,-,-,-,0.0%
Fordham@Massachusetts,3/2/2022,21,Josh Navarro,32:00,10,0.714,10,3,7,30.0%,1,3,0.33,0.33,1,1,0,0,1,0.00,5,1,4,1,2,0.00,-6,45.0%,46.0%,11,-,-,-,4,0,4,0.0%,6,3,3,50.0%,0.60,2,1,1,50.0%,0.20,0,0,0,3.6,21.4%,0.0%,0.0%,0.0%,12,-,-,-,-,-,-,-,-,0.0%
Fordham@Massachusetts,3/2/2022,23,Pat Kelly,09:00,0,0.000,1,0,1,0.0%,0,0,-,-,0,0,0,0,0,0.00,0,0,0,0,0,-,-11,0.0%,0.0%,1,-,-,-,0,0,0,-,1,0,1,0.0%,1.00,0,0,0,-,0.00,0,0,0,-0.7,0.0%,0.0%,0.0%,0.0%,0,-,-,-,-,-,-,-,-,0.0%
Fordham@Massachusetts,3/2/2022,24,Antrell Charlton,21:00,9,1.000,7,2,5,28.6%,5,0,-,-,2,0,0,0,2,0.00,3,1,2,3,5,0.00,9,35.7%,51.4%,9,-,-,-,4,1,3,25.0%,3,1,2,33.3%,0.43,4,4,0,100.0%,0.57,0,0,0,9.7,0.0%,0.0%,0.0%,0.0%,23,-,-,-,-,-,-,-,-,0.0%
Fordham@Massachusetts,3/2/2022,30,Abdou Tsimbila,19:00,10,0.909,9,5,4,55.6%,0,2,0.00,0.00,0,1,1,0,1,0.00,6,5,1,1,2,0.50,3,55.6%,55.6%,9,-,-,-,9,5,4,55.6%,0,0,0,-,0.00,0,0,0,-,0.00,0,0,0,7.4,18.2%,0.0%,0.0%,0.0%,10,-,-,-,-,-,-,-,-,0.0%
game,date,player #,Player,Min,Pts,PPP,FG Att,FG Made,FG Miss,FG%,Ast,TO,Ast/TO,STL/TO,Stl,Stl Pos,Blk,Blk FGA,STL + BLK,BLK FGA/FGA,Tot Reb,Off Reb,Def Reb,PF TKN,PF COM,BLK/Foul,+/-,eFG%,TS%,TSA,SSQ,PPS,SSM,2 FG Att,2 FG Made,2 FG Miss,2 FG%,3FG Att,3 FG Made,3 FG Miss,3 FG%,3PA/FGA,FT Att,FT Made,FT Miss,FT%,FTA/FGA,+1,Chg Tkn,Chg Com,GM SCORE,TO%,+1%,Score%,%SF,PTSc,LOW SSQ Made,LOW SSQ Miss,LOW SSQ Att,LOW SSQ % Time,HIGH SSQ Made,HIGH SSQ Miss,HIGH SSQ Att,HIGH SSQ % Time,%FT
George Washington@Fordham,3/5/2022,0,Kam'ron Cunningham,02:00,2,1.000,2,1,1,50.0%,0,0,-,-,0,0,0,0,0,0.00,0,0,0,0,0,-,-4,50.0%,50.0%,2,-,-,-,1,1,0,100.0%,1,0,1,0.0%,0.50,0,0,0,-,0.00,0,0,0,1.0,0.0%,0.0%,0.0%,0.0%,2,-,-,-,-,-,-,-,-,0.0%
George Washington@Fordham,3/5/2022,1,Chuba Ohams,33:00,23,1.150,17,9,8,52.9%,5,2,2.50,0.00,0,1,3,0,3,0.00,16,3,13,5,3,1.00,7,52.9%,56.0%,21,-,-,-,17,9,8,52.9%,0,0,0,-,0.00,8,5,3,62.5%,0.47,1,0,0,21.9,10.0%,5.0%,0.0%,0.0%,35,-,-,-,-,-,-,-,-,0.0%
George Washington@Fordham,3/5/2022,3,Darius Quisenberry,33:00,18,1.125,12,6,6,50.0%,1,2,0.50,1.00,2,2,0,0,2,0.00,1,0,1,4,1,0.00,-2,58.3%,63.4%,14,-,-,-,7,4,3,57.1%,5,2,3,40.0%,0.42,5,4,1,80.0%,0.42,0,0,0,12.2,12.5%,0.0%,0.0%,0.0%,20,-,-,-,-,-,-,-,-,0.0%
George Washington@Fordham,3/5/2022,10,Kyle Rose,36:00,7,0.875,6,2,4,33.3%,1,1,1.00,3.00,3,0,0,0,3,0.00,3,0,3,1,2,0.00,6,50.0%,50.9%,7,-,-,-,1,0,1,0.0%,5,2,3,40.0%,0.83,2,1,1,50.0%,0.33,0,0,0,6.0,12.5%,0.0%,0.0%,0.0%,9,-,-,-,-,-,-,-,-,0.0%
George Washington@Fordham,3/5/2022,13,Zach Riley,11:00,2,1.000,2,1,1,50.0%,0,0,-,-,0,0,0,0,0,0.00,1,0,1,0,2,0.00,-9,50.0%,50.0%,2,-,-,-,2,1,1,50.0%,0,0,0,-,0.00,0,0,0,-,0.00,0,0,0,0.5,0.0%,0.0%,0.0%,0.0%,2,-,-,-,-,-,-,-,-,0.0%
George Washington@Fordham,3/5/2022,15,Rostyslav Novitskyi,12:00,3,1.000,2,1,1,50.0%,0,1,0.00,0.00,0,0,3,0,3,0.00,1,0,1,0,3,1.00,13,75.0%,75.0%,2,-,-,-,1,0,1,0.0%,1,1,0,100.0%,0.50,0,0,0,-,0.00,0,0,0,2.2,33.3%,0.0%,0.0%,0.0%,3,-,-,-,-,-,-,-,-,0.0%
George Washington@Fordham,3/5/2022,21,Josh Navarro,31:00,13,1.182,8,4,4,50.0%,2,0,-,-,0,0,0,0,0,0.00,3,0,3,5,1,0.00,13,56.3%,63.7%,10,-,-,-,5,3,2,60.0%,3,1,2,33.3%,0.38,5,4,1,80.0%,0.63,0,0,0,10.5,0.0%,0.0%,0.0%,0.0%,21,-,-,-,-,-,-,-,-,0.0%
George Washington@Fordham,3/5/2022,23,Pat Kelly,03:00,0,0.000,1,0,1,0.0%,0,0,-,-,0,0,0,0,0,0.00,1,1,0,0,0,-,-4,0.0%,0.0%,1,-,-,-,0,0,0,-,1,0,1,0.0%,1.00,0,0,0,-,0.00,0,0,0,0.0,0.0%,0.0%,0.0%,0.0%,0,-,-,-,-,-,-,-,-,0.0%
George Washington@Fordham,3/5/2022,24,Antrell Charlton,32:00,2,0.286,5,1,4,20.0%,6,2,3.00,0.50,1,1,1,0,2,0.00,6,0,6,0,3,0.33,6,20.0%,20.0%,5,-,-,-,2,1,1,50.0%,3,0,3,0.0%,0.60,0,0,0,-,0.00,0,0,0,3.4,28.6%,0.0%,0.0%,0.0%,17,-,-,-,-,-,-,-,-,0.0%
George Washington@Fordham,3/5/2022,30,Abdou Tsimbila,08:00,0,0.000,1,0,1,0.0%,0,1,0.00,0.00,0,0,0,0,0,0.00,3,0,3,0,1,0.00,-6,0.0%,0.0%,1,-,-,-,1,0,1,0.0%,0,0,0,-,0.00,0,0,0,-,0.00,0,0,0,-1.2,50.0%,0.0%,0.0%,0.0%,0,-,-,-,-,-,-,-,-,0.0%
game,date,player #,Player,Min,Pts,PPP,FG Att,FG Made,FG Miss,FG%,Ast,TO,Ast/TO,STL/TO,Stl,Stl Pos,Blk,Blk FGA,STL + BLK,BLK FGA/FGA,Tot Reb,Off Reb,Def Reb,PF TKN,PF COM,BLK/Foul,+/-,eFG%,TS%,TSA,SSQ,PPS,SSM,2 FG Att,2 FG Made,2 FG Miss,2 FG%,3FG Att,3 FG Made,3 FG Miss,3 FG%,3PA/FGA,FT Att,FT Made,FT Miss,FT%,FTA/FGA,+1,Chg Tkn,Chg Com,GM SCORE,TO%,+1%,Score%,%SF,PTSc,LOW SSQ Made,LOW SSQ Miss,LOW SSQ Att,LOW SSQ % Time,HIGH SSQ Made,HIGH SSQ Miss,HIGH SSQ Att,HIGH SSQ % Time,%FT
Fordham vs George Mason,3/10/2022,1,Chuba Ohams,34:00,20,0.769,20,7,13,35.0%,0,1,0.00,2.00,2,1,0,0,2,0.00,16,3,13,5,2,0.00,3,35.0%,41.0%,24,-,-,-,20,7,13,35.0%,0,0,0,-,0.00,10,6,4,60.0%,0.50,0,0,0,13.4,3.8%,0.0%,0.0%,0.0%,23,-,-,-,-,-,-,-,-,0.0%
Fordham vs George Mason,3/10/2022,3,Darius Quisenberry,21:00,0,0.000,6,0,6,0.0%,0,1,0.00,0.00,0,1,0,0,0,0.00,1,0,1,0,0,-,-9,0.0%,0.0%,6,-,-,-,2,0,2,0.0%,4,0,4,0.0%,0.67,0,0,0,-,0.00,0,0,0,-4.9,14.3%,0.0%,0.0%,0.0%,0,-,-,-,-,-,-,-,-,0.0%
Fordham vs George Mason,3/10/2022,10,Kyle Rose,31:00,0,0.000,3,0,3,0.0%,1,1,1.00,1.00,1,1,0,0,1,0.00,1,0,1,0,0,-,-1,0.0%,0.0%,3,-,-,-,0,0,0,-,3,0,3,0.0%,1.00,0,0,0,-,0.00,0,0,0,-1.1,25.0%,0.0%,0.0%,0.0%,3,-,-,-,-,-,-,-,-,0.0%
Fordham vs George Mason,3/10/2022,13,Zach Riley,09:00,6,3.000,1,1,0,100.0%,0,0,-,-,1,0,0,0,1,0.00,0,0,0,2,0,-,10,100.0%,108.7%,3,-,-,-,1,1,0,100.0%,0,0,0,-,0.00,4,4,0,100.0%,4.00,1,0,0,6.7,0.0%,50.0%,0.0%,0.0%,6,-,-,-,-,-,-,-,-,0.0%
Fordham vs George Mason,3/10/2022,15,Rostyslav Novitskyi,10:00,0,0.000,2,0,2,0.0%,0,1,0.00,0.00,0,0,0,0,0,0.00,4,1,3,0,2,0.00,-13,0.0%,0.0%,2,-,-,-,1,0,1,0.0%,1,0,1,0.0%,0.50,0,0,0,-,0.00,0,0,0,-1.6,33.3%,0.0%,0.0%,0.0%,0,-,-,-,-,-,-,-,-,0.0%
Fordham vs George Mason,3/10/2022,21,Josh Navarro,24:00,3,0.429,6,1,5,16.7%,2,1,2.00,1.00,1,0,0,0,1,0.00,2,0,2,1,1,0.00,6,25.0%,25.0%,6,-,-,-,3,0,3,0.0%,3,1,2,33.3%,0.50,0,0,0,-,0.00,0,0,0,0.8,14.3%,0.0%,0.0%,0.0%,8,-,-,-,-,-,-,-,-,0.0%
Fordham vs George Mason,3/10/2022,23,Pat Kelly,21:00,9,2.250,3,3,0,100.0%,0,0,-,-,0,0,1,0,1,0.00,4,1,3,1,4,0.25,19,150.0%,130.8%,3,-,-,-,0,0,0,-,3,3,0,100.0%,1.00,1,0,1,0.0%,0.33,0,0,0,8.4,0.0%,0.0%,0.0%,0.0%,9,-,-,-,-,-,-,-,-,0.0%
Fordham vs George Mason,3/10/2022,24,Antrell Charlton,35:00,11,0.688,11,5,6,45.5%,5,5,1.00,0.40,2,2,0,0,2,0.00,7,0,7,0,4,0.00,9,50.0%,50.0%,11,-,-,-,6,4,2,66.7%,5,1,4,20.0%,0.45,0,0,0,-,0.00,0,0,0,6.3,31.3%,0.0%,0.0%,0.0%,28,-,-,-,-,-,-,-,-,0.0%
Fordham vs George Mason,3/10/2022,30,Abdou Tsimbila,15:00,5,0.714,4,1,3,25.0%,0,1,0.00,0.00,0,1,1,0,1,0.00,10,7,3,3,0,-,1,25.0%,43.4%,6,-,-,-,4,1,3,25.0%,0,0,0,-,0.00,4,3,1,75.0%,1.00,0,0,0,7.7,14.3%,0.0%,0.0%,0.0%,5,-,-,-,-,-,-,-,-,0.0%
game,date,player #,Player,Min,Pts,PPP,FG Att,FG Made,FG Miss,FG%,Ast,TO,Ast/TO,STL/TO,Stl,Stl Pos,Blk,Blk FGA,STL + BLK,BLK FGA/FGA,Tot Reb,Off Reb,Def Reb,PF TKN,PF COM,BLK/Foul,+/-,eFG%,TS%,TSA,SSQ,PPS,SSM,2 FG Att,2 FG Made,2 FG Miss,2 FG%,3FG Att,3 FG Made,3 FG Miss,3 FG%,3PA/FGA,FT Att,FT Made,FT Miss,FT%,FTA/FGA,+1,Chg Tkn,Chg Com,GM SCORE,TO%,+1%,Score%,%SF,PTSc,LOW SSQ Made,LOW SSQ Miss,LOW SSQ Att,LOW SSQ % Time,HIGH SSQ Made,HIGH SSQ Miss,HIGH SSQ Att,HIGH SSQ % Time,%FT
Fordham vs Davidson,3/11/2022,0,Kam'ron Cunningham,09:00,2,0.667,2,1,1,50.0%,0,1,0.00,0.00,0,0,0,0,0,0.00,1,0,1,0,1,0.00,-8,50.0%,50.0%,2,-,-,-,1,1,0,100.0%,1,0,1,0.0%,0.50,0,0,0,-,0.00,0,0,0,-0.1,33.3%,0.0%,0.0%,0.0%,2,-,-,-,-,-,-,-,-,0.0%
Fordham vs Davidson,3/11/2022,1,Chuba Ohams,27:00,14,1.000,6,4,2,66.7%,1,3,0.33,0.00,0,1,0,0,0,0.00,9,0,9,5,1,0.00,-9,66.7%,77.1%,9,-,-,-,6,4,2,66.7%,0,0,0,-,0.00,7,6,1,85.7%,1.17,1,0,0,11.0,21.4%,7.1%,0.0%,0.0%,17,-,-,-,-,-,-,-,-,0.0%
Fordham vs Davidson,3/11/2022,10,Kyle Rose,26:00,9,0.692,10,3,7,30.0%,1,1,1.00,0.00,0,0,0,0,0,0.00,2,2,0,3,2,0.00,-13,35.0%,38.3%,12,-,-,-,4,2,2,50.0%,6,1,5,16.7%,0.60,4,2,2,50.0%,0.40,0,0,0,2.7,7.7%,0.0%,0.0%,0.0%,12,-,-,-,-,-,-,-,-,0.0%
Fordham vs Davidson,3/11/2022,13,Zach Riley,24:00,5,0.556,7,1,6,14.3%,1,0,-,-,0,0,0,0,0,0.00,4,1,3,4,4,0.00,-10,14.3%,28.5%,9,-,-,-,1,1,0,100.0%,6,0,6,0.0%,0.86,4,3,1,75.0%,0.57,0,0,0,0.8,0.0%,0.0%,0.0%,0.0%,10,-,-,-,-,-,-,-,-,0.0%
Fordham vs Davidson,3/11/2022,14,Albe Evans,01:00,0,-,0,0,0,-,0,0,-,-,0,0,0,0,0,-,1,1,0,0,0,-,-2,-,-,0,-,-,-,0,0,0,-,0,0,0,-,-,0,0,0,-,-,0,0,0,0.7,-,-,-,-,0,-,-,-,-,-,-,-,-,-
Fordham vs Davidson,3/11/2022,15,Rostyslav Novitskyi,32:00,18,1.200,12,7,5,58.3%,1,1,1.00,1.00,1,0,3,0,4,0.00,5,3,2,2,2,1.50,-10,62.5%,65.4%,14,-,-,-,10,6,4,60.0%,2,1,1,50.0%,0.17,4,3,1,75.0%,0.33,0,0,0,16.7,6.7%,0.0%,0.0%,0.0%,20,-,-,-,-,-,-,-,-,0.0%
Fordham vs Davidson,3/11/2022,21,Josh Navarro,27:00,3,0.429,7,1,6,14.3%,0,1,0.00,0.00,0,0,0,0,0,0.00,3,1,2,1,0,-,-6,21.4%,21.4%,7,-,-,-,2,0,2,0.0%,5,1,4,20.0%,0.71,0,0,0,-,0.00,0,0,0,-1.2,14.3%,0.0%,0.0%,0.0%,5,-,-,-,-,-,-,-,-,0.0%
Fordham vs Davidson,3/11/2022,23,Pat Kelly,17:00,2,0.286,7,1,6,14.3%,0,0,-,-,0,0,0,0,0,0.00,1,1,0,0,1,0.00,-11,14.3%,14.3%,7,-,-,-,2,1,1,50.0%,5,0,5,0.0%,0.71,0,0,0,-,0.00,0,0,0,-2.2,0.0%,0.0%,0.0%,0.0%,2,-,-,-,-,-,-,-,-,0.0%
Fordham vs Davidson,3/11/2022,24,Antrell Charlton,29:00,3,0.300,6,1,5,16.7%,3,3,1.00,0.67,2,0,0,0,2,0.00,6,1,5,1,5,0.00,-13,25.0%,23.3%,6,-,-,-,3,0,3,0.0%,3,1,2,33.3%,0.50,1,0,1,0.0%,0.17,0,0,0,0.1,30.0%,0.0%,0.0%,0.0%,16,-,-,-,-,-,-,-,-,0.0%
Fordham vs Davidson,3/11/2022,30,Abdou Tsimbila,08:00,0,0.000,0,0,0,-,0,1,0.00,0.00,0,0,0,0,0,-,4,0,4,0,5,0.00,-8,-,-,0,-,-,-,0,0,0,-,0,0,0,-,-,0,0,0,-,-,0,0,0,-1.8,100.0%,0.0%,0.0%,0.0%,0,-,-,-,-,-,-,-,-,0.0%
